[2026-01-16 17:01:36] ========== Server Started ==========
[2026-01-16 17:01:36] Log file: logs\server_2026-01-16_17-01-36.log
[2026-01-16 17:01:45] Using in-memory registry (no persistence)
[2026-01-16 17:01:45] Starting server on port 5000 (mode=udp)
[2026-01-16 17:01:45] Server started successfully
[2026-01-16 17:01:45] Broadcasting server info (heartbeat timeout: 1m0s)
[2026-01-16 17:01:45] Starting TUI mode
[2026-01-16 17:01:53] REGISTER test-task -> 192.168.1.100:8080 from 127.0.0.1:64295
[2026-01-16 17:01:53] QUERY test-task from 127.0.0.1:64296
[2026-01-16 17:01:53] QUERY nonexistent-task from 127.0.0.1:64297
[2026-01-16 17:01:53] REGISTER multi-task -> 10.0.0.1:8080 from 127.0.0.1:64298
[2026-01-16 17:01:53] REGISTER multi-task -> 10.0.0.2:8080 from 127.0.0.1:64299
[2026-01-16 17:01:53] QUERY multi-task from 127.0.0.1:64300
[2026-01-16 17:01:53] QUERY multi-task from 127.0.0.1:64301
[2026-01-16 17:01:53] QUERY multi-task from 127.0.0.1:64302
[2026-01-16 17:01:53] QUERY multi-task from 127.0.0.1:64303
[2026-01-16 17:01:55] Cleanup ran: removed 0 stale entries
[2026-01-16 17:02:05] Cleanup ran: removed 0 stale entries
[2026-01-16 17:02:15] Cleanup ran: removed 0 stale entries
[2026-01-16 17:02:25] Cleanup ran: removed 0 stale entries
[2026-01-16 17:02:35] Cleanup ran: removed 0 stale entries
[2026-01-16 17:02:45] Cleanup ran: removed 0 stale entries
[2026-01-16 17:02:55] Cleanup ran: removed 3 stale entries
[2026-01-16 17:03:05] Cleanup ran: removed 0 stale entries
[2026-01-16 17:03:15] Cleanup ran: removed 0 stale entries
[2026-01-16 17:03:25] Cleanup ran: removed 0 stale entries
[2026-01-16 17:03:35] Cleanup ran: removed 0 stale entries
[2026-01-16 17:03:45] Cleanup ran: removed 0 stale entries
[2026-01-16 17:03:55] Cleanup ran: removed 0 stale entries
[2026-01-16 17:04:05] Cleanup ran: removed 0 stale entries
[2026-01-16 17:04:15] Cleanup ran: removed 0 stale entries
[2026-01-16 17:04:25] Cleanup ran: removed 0 stale entries
[2026-01-16 17:04:35] Cleanup ran: removed 0 stale entries
[2026-01-16 17:04:45] Cleanup ran: removed 0 stale entries
[2026-01-16 17:04:55] Cleanup ran: removed 0 stale entries
[2026-01-16 17:05:05] Cleanup ran: removed 0 stale entries
[2026-01-16 17:05:15] Cleanup ran: removed 0 stale entries
[2026-01-16 17:05:25] Cleanup ran: removed 0 stale entries
[2026-01-16 17:05:35] Cleanup ran: removed 0 stale entries
[2026-01-16 17:05:45] Cleanup ran: removed 0 stale entries
[2026-01-16 17:05:55] Cleanup ran: removed 0 stale entries
[2026-01-16 17:06:05] Cleanup ran: removed 0 stale entries
[2026-01-16 17:06:15] Cleanup ran: removed 0 stale entries
[2026-01-16 17:06:25] Cleanup ran: removed 0 stale entries
[2026-01-16 17:06:35] Cleanup ran: removed 0 stale entries
[2026-01-16 17:06:45] Cleanup ran: removed 0 stale entries
[2026-01-16 17:06:55] Cleanup ran: removed 0 stale entries
[2026-01-16 17:07:05] Cleanup ran: removed 0 stale entries
[2026-01-16 17:07:15] Cleanup ran: removed 0 stale entries
[2026-01-16 17:07:25] Cleanup ran: removed 0 stale entries
[2026-01-16 17:07:35] Cleanup ran: removed 0 stale entries
[2026-01-16 17:07:45] Cleanup ran: removed 0 stale entries
[2026-01-16 17:07:55] Cleanup ran: removed 0 stale entries
[2026-01-16 17:08:05] Cleanup ran: removed 0 stale entries
[2026-01-16 17:08:15] Cleanup ran: removed 0 stale entries
[2026-01-16 17:08:25] Cleanup ran: removed 0 stale entries
[2026-01-16 17:08:35] Cleanup ran: removed 0 stale entries
[2026-01-16 17:08:45] Cleanup ran: removed 0 stale entries
[2026-01-16 17:08:55] Cleanup ran: removed 0 stale entries
[2026-01-16 17:09:05] Cleanup ran: removed 0 stale entries
[2026-01-16 17:09:15] Cleanup ran: removed 0 stale entries
[2026-01-16 17:09:25] Cleanup ran: removed 0 stale entries
[2026-01-16 17:09:35] Cleanup ran: removed 0 stale entries
[2026-01-16 17:09:45] Cleanup ran: removed 0 stale entries
[2026-01-16 17:09:55] Cleanup ran: removed 0 stale entries
[2026-01-16 17:10:05] Cleanup ran: removed 0 stale entries
[2026-01-16 17:10:15] Cleanup ran: removed 0 stale entries
[2026-01-16 17:10:25] Cleanup ran: removed 0 stale entries
[2026-01-16 17:10:35] Cleanup ran: removed 0 stale entries
[2026-01-16 17:10:45] Cleanup ran: removed 0 stale entries
[2026-01-16 17:10:55] Cleanup ran: removed 0 stale entries
[2026-01-16 17:11:05] Cleanup ran: removed 0 stale entries
[2026-01-16 17:11:15] Cleanup ran: removed 0 stale entries
[2026-01-16 17:11:25] Cleanup ran: removed 0 stale entries
[2026-01-16 17:11:35] Cleanup ran: removed 0 stale entries
[2026-01-16 17:11:45] Cleanup ran: removed 0 stale entries
[2026-01-16 17:11:55] Cleanup ran: removed 0 stale entries
[2026-01-16 17:12:05] Cleanup ran: removed 0 stale entries
[2026-01-16 17:12:15] Cleanup ran: removed 0 stale entries
[2026-01-16 17:12:25] Cleanup ran: removed 0 stale entries
[2026-01-16 17:12:35] Cleanup ran: removed 0 stale entries
[2026-01-16 17:12:45] Cleanup ran: removed 0 stale entries
[2026-01-16 17:12:55] Cleanup ran: removed 0 stale entries
[2026-01-16 17:13:05] Cleanup ran: removed 0 stale entries
[2026-01-16 17:13:15] Cleanup ran: removed 0 stale entries
[2026-01-16 17:13:25] Cleanup ran: removed 0 stale entries
[2026-01-16 17:13:35] Cleanup ran: removed 0 stale entries
[2026-01-16 17:13:45] Cleanup ran: removed 0 stale entries
[2026-01-16 17:13:55] Cleanup ran: removed 0 stale entries
[2026-01-16 17:14:05] Cleanup ran: removed 0 stale entries
[2026-01-16 17:14:15] Cleanup ran: removed 0 stale entries
[2026-01-16 17:14:25] Cleanup ran: removed 0 stale entries
[2026-01-16 17:14:35] Cleanup ran: removed 0 stale entries
[2026-01-16 17:14:45] Cleanup ran: removed 0 stale entries
[2026-01-16 17:14:55] Cleanup ran: removed 0 stale entries
[2026-01-16 17:15:05] Cleanup ran: removed 0 stale entries
[2026-01-16 17:15:15] Cleanup ran: removed 0 stale entries
[2026-01-16 17:15:25] Cleanup ran: removed 0 stale entries
[2026-01-16 17:15:35] Cleanup ran: removed 0 stale entries
[2026-01-16 17:15:45] Cleanup ran: removed 0 stale entries
[2026-01-16 17:15:55] Cleanup ran: removed 0 stale entries
[2026-01-16 17:16:05] Cleanup ran: removed 0 stale entries
[2026-01-16 17:16:15] Cleanup ran: removed 0 stale entries
[2026-01-16 17:16:25] Cleanup ran: removed 0 stale entries
[2026-01-16 17:16:35] Cleanup ran: removed 0 stale entries
[2026-01-16 17:16:45] Cleanup ran: removed 0 stale entries
[2026-01-16 17:16:55] Cleanup ran: removed 0 stale entries
[2026-01-16 17:17:05] Cleanup ran: removed 0 stale entries
[2026-01-16 17:17:15] Cleanup ran: removed 0 stale entries
[2026-01-16 17:17:25] Cleanup ran: removed 0 stale entries
[2026-01-16 17:17:35] Cleanup ran: removed 0 stale entries
[2026-01-16 17:17:45] Cleanup ran: removed 0 stale entries
[2026-01-16 17:17:55] Cleanup ran: removed 0 stale entries
[2026-01-16 17:18:05] Cleanup ran: removed 0 stale entries
[2026-01-16 17:18:15] Cleanup ran: removed 0 stale entries
[2026-01-16 17:18:25] Cleanup ran: removed 0 stale entries
[2026-01-16 17:18:35] Cleanup ran: removed 0 stale entries
[2026-01-16 17:18:45] Cleanup ran: removed 0 stale entries
[2026-01-16 17:18:55] Cleanup ran: removed 0 stale entries
[2026-01-16 17:19:05] Cleanup ran: removed 0 stale entries
[2026-01-16 17:19:15] Cleanup ran: removed 0 stale entries
[2026-01-16 17:19:25] Cleanup ran: removed 0 stale entries
[2026-01-16 17:19:35] Cleanup ran: removed 0 stale entries
[2026-01-16 17:19:45] Cleanup ran: removed 0 stale entries
[2026-01-16 17:19:55] Cleanup ran: removed 0 stale entries
[2026-01-16 17:20:05] Cleanup ran: removed 0 stale entries
[2026-01-16 17:20:15] Cleanup ran: removed 0 stale entries
[2026-01-16 17:20:25] Cleanup ran: removed 0 stale entries
[2026-01-16 17:20:35] Cleanup ran: removed 0 stale entries
[2026-01-16 17:20:45] Cleanup ran: removed 0 stale entries
[2026-01-16 17:20:55] Cleanup ran: removed 0 stale entries
[2026-01-16 17:21:05] Cleanup ran: removed 0 stale entries
[2026-01-16 17:21:15] Cleanup ran: removed 0 stale entries
[2026-01-16 17:21:25] Cleanup ran: removed 0 stale entries
[2026-01-16 17:21:35] Cleanup ran: removed 0 stale entries
[2026-01-16 17:21:45] Cleanup ran: removed 0 stale entries
[2026-01-16 17:21:55] Cleanup ran: removed 0 stale entries
[2026-01-16 17:22:05] Cleanup ran: removed 0 stale entries
[2026-01-16 17:22:15] Cleanup ran: removed 0 stale entries
[2026-01-16 17:22:25] Cleanup ran: removed 0 stale entries
[2026-01-16 17:22:35] Cleanup ran: removed 0 stale entries
[2026-01-16 17:22:45] Cleanup ran: removed 0 stale entries
[2026-01-16 17:22:55] Cleanup ran: removed 0 stale entries
[2026-01-16 17:23:05] Cleanup ran: removed 0 stale entries
[2026-01-16 17:23:15] Cleanup ran: removed 0 stale entries
[2026-01-16 17:23:25] Cleanup ran: removed 0 stale entries
[2026-01-16 17:23:35] Cleanup ran: removed 0 stale entries
[2026-01-16 17:23:45] Cleanup ran: removed 0 stale entries
[2026-01-16 17:23:55] Cleanup ran: removed 0 stale entries
[2026-01-16 17:24:05] Cleanup ran: removed 0 stale entries
[2026-01-16 17:24:15] Cleanup ran: removed 0 stale entries
[2026-01-16 17:24:25] Cleanup ran: removed 0 stale entries
[2026-01-16 17:24:35] Cleanup ran: removed 0 stale entries
[2026-01-16 17:24:45] Cleanup ran: removed 0 stale entries
[2026-01-16 17:24:55] Cleanup ran: removed 0 stale entries
[2026-01-16 17:25:05] Cleanup ran: removed 0 stale entries
[2026-01-16 17:25:15] Cleanup ran: removed 0 stale entries
[2026-01-16 17:25:25] Cleanup ran: removed 0 stale entries
[2026-01-16 17:25:35] Cleanup ran: removed 0 stale entries
[2026-01-16 17:25:45] Cleanup ran: removed 0 stale entries
[2026-01-16 17:25:55] Cleanup ran: removed 0 stale entries
[2026-01-16 17:26:05] Cleanup ran: removed 0 stale entries
[2026-01-16 17:26:15] Cleanup ran: removed 0 stale entries
[2026-01-16 17:26:25] Cleanup ran: removed 0 stale entries
[2026-01-16 17:26:35] Cleanup ran: removed 0 stale entries
[2026-01-16 17:26:45] Cleanup ran: removed 0 stale entries
[2026-01-16 17:26:55] Cleanup ran: removed 0 stale entries
[2026-01-16 17:27:05] Cleanup ran: removed 0 stale entries
[2026-01-16 17:27:15] Cleanup ran: removed 0 stale entries
[2026-01-16 17:27:25] Cleanup ran: removed 0 stale entries
[2026-01-16 17:27:35] Cleanup ran: removed 0 stale entries
[2026-01-16 17:27:45] Cleanup ran: removed 0 stale entries
[2026-01-16 17:27:55] Cleanup ran: removed 0 stale entries
[2026-01-16 17:28:05] Cleanup ran: removed 0 stale entries
[2026-01-16 17:28:15] Cleanup ran: removed 0 stale entries
[2026-01-16 17:28:25] Cleanup ran: removed 0 stale entries
[2026-01-16 17:28:35] Cleanup ran: removed 0 stale entries
[2026-01-16 17:28:45] Cleanup ran: removed 0 stale entries
[2026-01-16 17:28:55] Cleanup ran: removed 0 stale entries
[2026-01-16 17:29:05] Cleanup ran: removed 0 stale entries
[2026-01-16 17:29:15] Cleanup ran: removed 0 stale entries
[2026-01-16 17:29:25] Cleanup ran: removed 0 stale entries
[2026-01-16 17:29:35] Cleanup ran: removed 0 stale entries
[2026-01-16 17:29:45] Cleanup ran: removed 0 stale entries
[2026-01-16 17:29:55] Cleanup ran: removed 0 stale entries
[2026-01-16 17:30:05] Cleanup ran: removed 0 stale entries
[2026-01-16 17:30:15] Cleanup ran: removed 0 stale entries
[2026-01-16 17:30:25] Cleanup ran: removed 0 stale entries
[2026-01-16 17:30:35] Cleanup ran: removed 0 stale entries
[2026-01-16 17:30:45] Cleanup ran: removed 0 stale entries
[2026-01-16 17:30:55] Cleanup ran: removed 0 stale entries
[2026-01-16 17:31:05] Cleanup ran: removed 0 stale entries
[2026-01-16 17:31:15] Cleanup ran: removed 0 stale entries
[2026-01-16 17:31:25] Cleanup ran: removed 0 stale entries
[2026-01-16 17:31:35] Cleanup ran: removed 0 stale entries
[2026-01-16 17:31:45] Cleanup ran: removed 0 stale entries
[2026-01-16 17:31:55] Cleanup ran: removed 0 stale entries
[2026-01-16 17:32:05] Cleanup ran: removed 0 stale entries
[2026-01-16 17:32:15] Cleanup ran: removed 0 stale entries
[2026-01-16 17:32:25] Cleanup ran: removed 0 stale entries
[2026-01-16 17:32:35] Cleanup ran: removed 0 stale entries
[2026-01-16 17:32:45] Cleanup ran: removed 0 stale entries
[2026-01-16 17:32:55] Cleanup ran: removed 0 stale entries
[2026-01-16 17:33:05] Cleanup ran: removed 0 stale entries
[2026-01-16 17:33:15] Cleanup ran: removed 0 stale entries
[2026-01-16 17:33:25] Cleanup ran: removed 0 stale entries
[2026-01-16 17:33:35] Cleanup ran: removed 0 stale entries
[2026-01-16 17:33:45] Cleanup ran: removed 0 stale entries
[2026-01-16 17:33:55] Cleanup ran: removed 0 stale entries
[2026-01-16 17:34:05] Cleanup ran: removed 0 stale entries
[2026-01-16 17:34:15] Cleanup ran: removed 0 stale entries
[2026-01-16 17:34:25] Cleanup ran: removed 0 stale entries
[2026-01-16 17:34:35] Cleanup ran: removed 0 stale entries
[2026-01-16 17:34:45] Cleanup ran: removed 0 stale entries
[2026-01-16 17:34:55] Cleanup ran: removed 0 stale entries
[2026-01-16 17:35:05] Cleanup ran: removed 0 stale entries
[2026-01-16 17:35:15] Cleanup ran: removed 0 stale entries
[2026-01-16 17:35:25] Cleanup ran: removed 0 stale entries
[2026-01-16 17:35:35] Cleanup ran: removed 0 stale entries
[2026-01-16 17:35:45] Cleanup ran: removed 0 stale entries
[2026-01-16 17:35:55] Cleanup ran: removed 0 stale entries
[2026-01-16 17:36:05] Cleanup ran: removed 0 stale entries
[2026-01-16 17:36:15] Cleanup ran: removed 0 stale entries
[2026-01-16 17:36:25] Cleanup ran: removed 0 stale entries
[2026-01-16 17:36:35] Cleanup ran: removed 0 stale entries
[2026-01-16 17:36:45] Cleanup ran: removed 0 stale entries
[2026-01-16 17:36:55] Cleanup ran: removed 0 stale entries
[2026-01-16 17:37:05] Cleanup ran: removed 0 stale entries
[2026-01-16 17:37:15] Cleanup ran: removed 0 stale entries
[2026-01-16 17:37:25] Cleanup ran: removed 0 stale entries
[2026-01-16 17:37:35] Cleanup ran: removed 0 stale entries
[2026-01-16 17:37:45] Cleanup ran: removed 0 stale entries
[2026-01-16 17:37:55] Cleanup ran: removed 0 stale entries
[2026-01-16 17:38:05] Cleanup ran: removed 0 stale entries
[2026-01-16 17:38:15] Cleanup ran: removed 0 stale entries
[2026-01-16 17:38:25] Cleanup ran: removed 0 stale entries
[2026-01-16 17:38:35] Cleanup ran: removed 0 stale entries
[2026-01-16 17:38:45] Cleanup ran: removed 0 stale entries
[2026-01-16 17:38:55] Cleanup ran: removed 0 stale entries
[2026-01-16 17:39:05] Cleanup ran: removed 0 stale entries
[2026-01-16 17:39:15] Cleanup ran: removed 0 stale entries
[2026-01-16 17:39:25] Cleanup ran: removed 0 stale entries
[2026-01-16 17:39:35] Cleanup ran: removed 0 stale entries
[2026-01-16 17:39:45] Cleanup ran: removed 0 stale entries
[2026-01-16 17:39:55] Cleanup ran: removed 0 stale entries
[2026-01-16 17:40:05] Cleanup ran: removed 0 stale entries
[2026-01-16 17:40:15] Cleanup ran: removed 0 stale entries
[2026-01-16 17:40:25] Cleanup ran: removed 0 stale entries
[2026-01-16 17:40:35] Cleanup ran: removed 0 stale entries
[2026-01-16 17:40:45] Cleanup ran: removed 0 stale entries
[2026-01-16 17:40:55] Cleanup ran: removed 0 stale entries
[2026-01-16 17:41:05] Cleanup ran: removed 0 stale entries
[2026-01-16 17:41:15] Cleanup ran: removed 0 stale entries
[2026-01-16 17:41:25] Cleanup ran: removed 0 stale entries
[2026-01-16 17:41:35] Cleanup ran: removed 0 stale entries
[2026-01-16 17:41:45] Cleanup ran: removed 0 stale entries
[2026-01-16 17:41:55] Cleanup ran: removed 0 stale entries
[2026-01-16 17:42:05] Cleanup ran: removed 0 stale entries
[2026-01-16 17:42:15] Cleanup ran: removed 0 stale entries
[2026-01-16 17:42:25] Cleanup ran: removed 0 stale entries
[2026-01-16 17:42:35] Cleanup ran: removed 0 stale entries
[2026-01-16 17:42:45] Cleanup ran: removed 0 stale entries
[2026-01-16 17:42:55] Cleanup ran: removed 0 stale entries
[2026-01-16 17:43:05] Cleanup ran: removed 0 stale entries
[2026-01-16 17:43:15] Cleanup ran: removed 0 stale entries
[2026-01-16 17:43:25] Cleanup ran: removed 0 stale entries
[2026-01-16 17:43:35] Cleanup ran: removed 0 stale entries
[2026-01-16 17:43:45] Cleanup ran: removed 0 stale entries
[2026-01-16 17:43:55] Cleanup ran: removed 0 stale entries
[2026-01-16 17:44:05] Cleanup ran: removed 0 stale entries
[2026-01-16 17:44:15] Cleanup ran: removed 0 stale entries
[2026-01-16 17:44:25] Cleanup ran: removed 0 stale entries
[2026-01-16 17:44:35] Cleanup ran: removed 0 stale entries
[2026-01-16 17:44:45] Cleanup ran: removed 0 stale entries
[2026-01-16 17:44:55] Cleanup ran: removed 0 stale entries
[2026-01-16 17:45:05] Cleanup ran: removed 0 stale entries
[2026-01-16 17:45:15] Cleanup ran: removed 0 stale entries
[2026-01-16 17:45:25] Cleanup ran: removed 0 stale entries
[2026-01-16 17:45:35] Cleanup ran: removed 0 stale entries
[2026-01-16 17:45:45] Cleanup ran: removed 0 stale entries
[2026-01-16 17:45:55] Cleanup ran: removed 0 stale entries
[2026-01-16 17:46:05] Cleanup ran: removed 0 stale entries
[2026-01-16 17:46:15] Cleanup ran: removed 0 stale entries
[2026-01-16 17:46:25] Cleanup ran: removed 0 stale entries
[2026-01-16 17:46:35] Cleanup ran: removed 0 stale entries
[2026-01-16 17:46:45] Cleanup ran: removed 0 stale entries
[2026-01-16 17:46:55] Cleanup ran: removed 0 stale entries
[2026-01-16 17:47:05] Cleanup ran: removed 0 stale entries
[2026-01-16 17:47:15] Cleanup ran: removed 0 stale entries
[2026-01-16 17:47:25] Cleanup ran: removed 0 stale entries
[2026-01-16 17:47:35] Cleanup ran: removed 0 stale entries
[2026-01-16 17:47:45] Cleanup ran: removed 0 stale entries
[2026-01-16 17:47:55] Cleanup ran: removed 0 stale entries
[2026-01-16 17:48:05] Cleanup ran: removed 0 stale entries
[2026-01-16 17:48:15] Cleanup ran: removed 0 stale entries
[2026-01-16 17:48:25] Cleanup ran: removed 0 stale entries
[2026-01-16 17:48:35] Cleanup ran: removed 0 stale entries
[2026-01-16 17:48:45] Cleanup ran: removed 0 stale entries
[2026-01-16 17:48:55] Cleanup ran: removed 0 stale entries
[2026-01-16 17:49:05] Cleanup ran: removed 0 stale entries
[2026-01-16 17:49:15] Cleanup ran: removed 0 stale entries
[2026-01-16 17:49:25] Cleanup ran: removed 0 stale entries
[2026-01-16 17:49:35] Cleanup ran: removed 0 stale entries
[2026-01-16 17:49:45] Cleanup ran: removed 0 stale entries
[2026-01-16 17:49:55] Cleanup ran: removed 0 stale entries
[2026-01-16 17:50:05] Cleanup ran: removed 0 stale entries
[2026-01-16 17:50:15] Cleanup ran: removed 0 stale entries
[2026-01-16 17:50:25] Cleanup ran: removed 0 stale entries
[2026-01-16 17:50:35] Cleanup ran: removed 0 stale entries
[2026-01-16 17:50:45] Cleanup ran: removed 0 stale entries
[2026-01-16 17:50:55] Cleanup ran: removed 0 stale entries
[2026-01-16 17:51:05] Cleanup ran: removed 0 stale entries
[2026-01-16 17:51:15] Cleanup ran: removed 0 stale entries
[2026-01-16 17:51:25] Cleanup ran: removed 0 stale entries
[2026-01-16 17:51:35] Cleanup ran: removed 0 stale entries
[2026-01-16 17:51:45] Cleanup ran: removed 0 stale entries
[2026-01-16 17:51:55] Cleanup ran: removed 0 stale entries
[2026-01-16 17:52:05] Cleanup ran: removed 0 stale entries
[2026-01-16 17:52:15] Cleanup ran: removed 0 stale entries
[2026-01-16 17:52:25] Cleanup ran: removed 0 stale entries
[2026-01-16 17:52:35] Cleanup ran: removed 0 stale entries
[2026-01-16 17:52:45] Cleanup ran: removed 0 stale entries
[2026-01-16 17:52:55] Cleanup ran: removed 0 stale entries
[2026-01-16 17:53:05] Cleanup ran: removed 0 stale entries
[2026-01-16 17:53:15] Cleanup ran: removed 0 stale entries
[2026-01-16 17:53:25] Cleanup ran: removed 0 stale entries
[2026-01-16 17:53:35] Cleanup ran: removed 0 stale entries
[2026-01-16 17:53:45] Cleanup ran: removed 0 stale entries
[2026-01-16 17:53:55] Cleanup ran: removed 0 stale entries
[2026-01-16 17:54:05] Cleanup ran: removed 0 stale entries
[2026-01-16 17:54:15] Cleanup ran: removed 0 stale entries
[2026-01-16 17:54:25] Cleanup ran: removed 0 stale entries
[2026-01-16 17:54:35] Cleanup ran: removed 0 stale entries
[2026-01-16 17:54:45] Cleanup ran: removed 0 stale entries
[2026-01-16 17:54:55] Cleanup ran: removed 0 stale entries
[2026-01-16 17:55:05] Cleanup ran: removed 0 stale entries
[2026-01-16 17:55:15] Cleanup ran: removed 0 stale entries
[2026-01-16 17:55:25] Cleanup ran: removed 0 stale entries
[2026-01-16 17:55:35] Cleanup ran: removed 0 stale entries
[2026-01-16 17:55:45] Cleanup ran: removed 0 stale entries
[2026-01-16 17:55:55] Cleanup ran: removed 0 stale entries
[2026-01-16 17:56:05] Cleanup ran: removed 0 stale entries
[2026-01-16 17:56:15] Cleanup ran: removed 0 stale entries
[2026-01-16 17:56:25] Cleanup ran: removed 0 stale entries
[2026-01-16 17:56:35] Cleanup ran: removed 0 stale entries
[2026-01-16 17:56:45] Cleanup ran: removed 0 stale entries
[2026-01-16 17:56:55] Cleanup ran: removed 0 stale entries
[2026-01-16 17:57:05] Cleanup ran: removed 0 stale entries
[2026-01-16 17:57:15] Cleanup ran: removed 0 stale entries
[2026-01-16 17:57:25] Cleanup ran: removed 0 stale entries
[2026-01-16 17:57:35] Cleanup ran: removed 0 stale entries
[2026-01-16 17:57:45] Cleanup ran: removed 0 stale entries
[2026-01-16 17:57:55] Cleanup ran: removed 0 stale entries
[2026-01-16 17:58:05] Cleanup ran: removed 0 stale entries
[2026-01-16 17:58:15] Cleanup ran: removed 0 stale entries
[2026-01-16 17:58:25] Cleanup ran: removed 0 stale entries
[2026-01-16 17:58:35] Cleanup ran: removed 0 stale entries
[2026-01-16 17:58:45] Cleanup ran: removed 0 stale entries
[2026-01-16 17:58:55] Cleanup ran: removed 0 stale entries
[2026-01-16 17:59:05] Cleanup ran: removed 0 stale entries
[2026-01-16 17:59:15] Cleanup ran: removed 0 stale entries
[2026-01-16 17:59:25] Cleanup ran: removed 0 stale entries
[2026-01-16 17:59:35] Cleanup ran: removed 0 stale entries
[2026-01-16 17:59:45] Cleanup ran: removed 0 stale entries
[2026-01-16 17:59:55] Cleanup ran: removed 0 stale entries
[2026-01-16 18:00:05] Cleanup ran: removed 0 stale entries
[2026-01-16 18:00:15] Cleanup ran: removed 0 stale entries
[2026-01-16 18:00:25] Cleanup ran: removed 0 stale entries
[2026-01-16 18:00:35] Cleanup ran: removed 0 stale entries
[2026-01-16 18:00:45] Cleanup ran: removed 0 stale entries
[2026-01-16 18:00:55] Cleanup ran: removed 0 stale entries
[2026-01-16 18:01:05] Cleanup ran: removed 0 stale entries
[2026-01-16 18:01:15] Cleanup ran: removed 0 stale entries
[2026-01-16 18:01:25] Cleanup ran: removed 0 stale entries
[2026-01-16 18:01:35] Cleanup ran: removed 0 stale entries
[2026-01-16 18:01:45] Cleanup ran: removed 0 stale entries
[2026-01-16 18:01:55] Cleanup ran: removed 0 stale entries
[2026-01-16 18:02:05] Cleanup ran: removed 0 stale entries
[2026-01-16 18:02:15] Cleanup ran: removed 0 stale entries
[2026-01-16 18:02:25] Cleanup ran: removed 0 stale entries
[2026-01-16 18:02:35] Cleanup ran: removed 0 stale entries
[2026-01-16 18:02:45] Cleanup ran: removed 0 stale entries
[2026-01-16 18:02:55] Cleanup ran: removed 0 stale entries
[2026-01-16 18:03:05] Cleanup ran: removed 0 stale entries
[2026-01-16 18:03:15] Cleanup ran: removed 0 stale entries
[2026-01-16 18:03:25] Cleanup ran: removed 0 stale entries
[2026-01-16 18:03:35] Cleanup ran: removed 0 stale entries
[2026-01-16 18:03:45] Cleanup ran: removed 0 stale entries
[2026-01-16 18:03:55] Cleanup ran: removed 0 stale entries
[2026-01-16 18:04:05] Cleanup ran: removed 0 stale entries
[2026-01-16 18:04:15] Cleanup ran: removed 0 stale entries
[2026-01-16 18:04:25] Cleanup ran: removed 0 stale entries
[2026-01-16 18:04:35] Cleanup ran: removed 0 stale entries
[2026-01-16 18:04:45] Cleanup ran: removed 0 stale entries
[2026-01-16 18:04:55] Cleanup ran: removed 0 stale entries
[2026-01-16 18:05:05] Cleanup ran: removed 0 stale entries
[2026-01-16 18:05:15] Cleanup ran: removed 0 stale entries
[2026-01-16 18:05:25] Cleanup ran: removed 0 stale entries
[2026-01-16 18:05:35] Cleanup ran: removed 0 stale entries
[2026-01-16 18:05:45] Cleanup ran: removed 0 stale entries
[2026-01-16 18:05:55] Cleanup ran: removed 0 stale entries
[2026-01-16 18:06:05] Cleanup ran: removed 0 stale entries
[2026-01-16 18:06:15] Cleanup ran: removed 0 stale entries
[2026-01-16 18:06:25] Cleanup ran: removed 0 stale entries
[2026-01-16 18:06:35] Cleanup ran: removed 0 stale entries
[2026-01-16 18:06:45] Cleanup ran: removed 0 stale entries
[2026-01-16 18:06:55] Cleanup ran: removed 0 stale entries
[2026-01-16 18:07:05] Cleanup ran: removed 0 stale entries
[2026-01-16 18:07:15] Cleanup ran: removed 0 stale entries
[2026-01-16 18:07:25] Cleanup ran: removed 0 stale entries
[2026-01-16 18:07:35] Cleanup ran: removed 0 stale entries
[2026-01-16 18:07:45] Cleanup ran: removed 0 stale entries
[2026-01-16 18:07:55] Cleanup ran: removed 0 stale entries
[2026-01-16 18:08:05] Cleanup ran: removed 0 stale entries
[2026-01-16 18:08:15] Cleanup ran: removed 0 stale entries
[2026-01-16 18:08:25] Cleanup ran: removed 0 stale entries
[2026-01-16 18:08:35] Cleanup ran: removed 0 stale entries
[2026-01-16 18:08:45] Cleanup ran: removed 0 stale entries
[2026-01-16 18:08:55] Cleanup ran: removed 0 stale entries
[2026-01-16 18:09:05] Cleanup ran: removed 0 stale entries
[2026-01-16 18:09:15] Cleanup ran: removed 0 stale entries
[2026-01-16 18:09:25] Cleanup ran: removed 0 stale entries
[2026-01-16 18:09:35] Cleanup ran: removed 0 stale entries
[2026-01-16 18:09:45] Cleanup ran: removed 0 stale entries
[2026-01-16 18:09:55] Cleanup ran: removed 0 stale entries
[2026-01-16 18:10:05] Cleanup ran: removed 0 stale entries
[2026-01-16 18:10:15] Cleanup ran: removed 0 stale entries
[2026-01-16 18:10:25] Cleanup ran: removed 0 stale entries
[2026-01-16 18:10:35] Cleanup ran: removed 0 stale entries
[2026-01-16 18:10:45] Cleanup ran: removed 0 stale entries
[2026-01-16 18:10:55] Cleanup ran: removed 0 stale entries
[2026-01-16 18:11:05] Cleanup ran: removed 0 stale entries
[2026-01-16 18:11:15] Cleanup ran: removed 0 stale entries
[2026-01-16 18:11:25] Cleanup ran: removed 0 stale entries
[2026-01-16 18:11:35] Cleanup ran: removed 0 stale entries
[2026-01-16 18:11:45] Cleanup ran: removed 0 stale entries
[2026-01-16 18:11:55] Cleanup ran: removed 0 stale entries
[2026-01-16 18:12:05] Cleanup ran: removed 0 stale entries
[2026-01-16 18:12:15] Cleanup ran: removed 0 stale entries
[2026-01-16 18:12:25] Cleanup ran: removed 0 stale entries
[2026-01-16 18:12:35] Cleanup ran: removed 0 stale entries
[2026-01-16 18:12:45] Cleanup ran: removed 0 stale entries
[2026-01-16 18:12:55] Cleanup ran: removed 0 stale entries
[2026-01-16 18:13:05] Cleanup ran: removed 0 stale entries
[2026-01-16 18:13:15] Cleanup ran: removed 0 stale entries
[2026-01-16 18:13:25] Cleanup ran: removed 0 stale entries
[2026-01-16 18:13:35] Cleanup ran: removed 0 stale entries
[2026-01-16 18:13:45] Cleanup ran: removed 0 stale entries
[2026-01-16 18:13:55] Cleanup ran: removed 0 stale entries
[2026-01-16 18:14:05] Cleanup ran: removed 0 stale entries
[2026-01-16 18:14:15] Cleanup ran: removed 0 stale entries
[2026-01-16 18:14:25] Cleanup ran: removed 0 stale entries
[2026-01-16 18:14:35] Cleanup ran: removed 0 stale entries
[2026-01-16 18:14:45] Cleanup ran: removed 0 stale entries
[2026-01-16 18:14:55] Cleanup ran: removed 0 stale entries
[2026-01-16 18:15:05] Cleanup ran: removed 0 stale entries
[2026-01-16 18:15:15] Cleanup ran: removed 0 stale entries
[2026-01-16 18:15:25] Cleanup ran: removed 0 stale entries
[2026-01-16 18:15:35] Cleanup ran: removed 0 stale entries
[2026-01-16 18:15:45] Cleanup ran: removed 0 stale entries
[2026-01-16 18:15:55] Cleanup ran: removed 0 stale entries
[2026-01-16 18:16:05] Cleanup ran: removed 0 stale entries
[2026-01-16 18:16:15] Cleanup ran: removed 0 stale entries
[2026-01-16 18:16:25] Cleanup ran: removed 0 stale entries
[2026-01-16 18:16:35] Cleanup ran: removed 0 stale entries
[2026-01-16 18:16:45] Cleanup ran: removed 0 stale entries
[2026-01-16 18:16:55] Cleanup ran: removed 0 stale entries
[2026-01-16 18:17:05] Cleanup ran: removed 0 stale entries
[2026-01-16 18:17:15] Cleanup ran: removed 0 stale entries
[2026-01-16 18:17:25] Cleanup ran: removed 0 stale entries
[2026-01-16 18:17:35] Cleanup ran: removed 0 stale entries
[2026-01-16 18:17:45] Cleanup ran: removed 0 stale entries
[2026-01-16 18:17:55] Cleanup ran: removed 0 stale entries
[2026-01-16 18:18:05] Cleanup ran: removed 0 stale entries
[2026-01-16 18:18:15] Cleanup ran: removed 0 stale entries
[2026-01-16 18:18:25] Cleanup ran: removed 0 stale entries
[2026-01-16 18:18:35] Cleanup ran: removed 0 stale entries
[2026-01-16 18:18:45] Cleanup ran: removed 0 stale entries
[2026-01-16 18:18:55] Cleanup ran: removed 0 stale entries
[2026-01-16 18:19:05] Cleanup ran: removed 0 stale entries
[2026-01-16 18:19:15] Cleanup ran: removed 0 stale entries
[2026-01-16 18:19:25] Cleanup ran: removed 0 stale entries
[2026-01-16 18:19:35] Cleanup ran: removed 0 stale entries
[2026-01-16 18:19:45] Cleanup ran: removed 0 stale entries
[2026-01-16 18:19:55] Cleanup ran: removed 0 stale entries
[2026-01-16 18:20:05] Cleanup ran: removed 0 stale entries
[2026-01-16 18:20:15] Cleanup ran: removed 0 stale entries
[2026-01-16 18:20:25] Cleanup ran: removed 0 stale entries
[2026-01-16 18:20:35] Cleanup ran: removed 0 stale entries
[2026-01-16 18:20:45] Cleanup ran: removed 0 stale entries
[2026-01-16 18:20:55] Cleanup ran: removed 0 stale entries
[2026-01-16 18:21:05] Cleanup ran: removed 0 stale entries
[2026-01-16 18:21:15] Cleanup ran: removed 0 stale entries
[2026-01-16 18:21:25] Cleanup ran: removed 0 stale entries
[2026-01-16 18:21:35] Cleanup ran: removed 0 stale entries
[2026-01-16 18:21:45] Cleanup ran: removed 0 stale entries
[2026-01-16 18:21:55] Cleanup ran: removed 0 stale entries
[2026-01-16 18:22:05] Cleanup ran: removed 0 stale entries
[2026-01-16 18:22:15] Cleanup ran: removed 0 stale entries
[2026-01-16 18:22:25] Cleanup ran: removed 0 stale entries
[2026-01-16 18:22:35] Cleanup ran: removed 0 stale entries
[2026-01-16 18:22:45] Cleanup ran: removed 0 stale entries
[2026-01-16 18:22:55] Cleanup ran: removed 0 stale entries
[2026-01-16 18:23:05] Cleanup ran: removed 0 stale entries
[2026-01-16 18:23:15] Cleanup ran: removed 0 stale entries
[2026-01-16 18:23:25] Cleanup ran: removed 0 stale entries
[2026-01-16 18:23:35] Cleanup ran: removed 0 stale entries
[2026-01-16 18:23:45] Cleanup ran: removed 0 stale entries
[2026-01-16 18:23:55] Cleanup ran: removed 0 stale entries
[2026-01-16 18:24:05] Cleanup ran: removed 0 stale entries
[2026-01-16 18:24:15] Cleanup ran: removed 0 stale entries
[2026-01-16 18:24:25] Cleanup ran: removed 0 stale entries
[2026-01-16 18:24:35] Cleanup ran: removed 0 stale entries
[2026-01-16 18:24:45] Cleanup ran: removed 0 stale entries
[2026-01-16 18:24:55] Cleanup ran: removed 0 stale entries
[2026-01-16 18:25:05] Cleanup ran: removed 0 stale entries
[2026-01-16 18:25:15] Cleanup ran: removed 0 stale entries
[2026-01-16 18:25:25] Cleanup ran: removed 0 stale entries
[2026-01-16 18:25:35] Cleanup ran: removed 0 stale entries
[2026-01-16 18:25:45] Cleanup ran: removed 0 stale entries
[2026-01-16 18:25:55] Cleanup ran: removed 0 stale entries
[2026-01-16 18:26:05] Cleanup ran: removed 0 stale entries
[2026-01-16 18:26:15] Cleanup ran: removed 0 stale entries
[2026-01-16 18:26:25] Cleanup ran: removed 0 stale entries
[2026-01-16 18:26:35] Cleanup ran: removed 0 stale entries
[2026-01-16 18:26:45] Cleanup ran: removed 0 stale entries
[2026-01-16 18:26:55] Cleanup ran: removed 0 stale entries
[2026-01-16 18:27:05] Cleanup ran: removed 0 stale entries
[2026-01-16 18:27:15] Cleanup ran: removed 0 stale entries
[2026-01-16 18:27:25] Cleanup ran: removed 0 stale entries
[2026-01-16 18:27:35] Cleanup ran: removed 0 stale entries
[2026-01-16 18:27:45] Cleanup ran: removed 0 stale entries
[2026-01-16 18:27:55] Cleanup ran: removed 0 stale entries
[2026-01-16 18:28:05] Cleanup ran: removed 0 stale entries
[2026-01-16 18:28:15] Cleanup ran: removed 0 stale entries
[2026-01-16 18:28:25] Cleanup ran: removed 0 stale entries
[2026-01-16 18:28:35] Cleanup ran: removed 0 stale entries
[2026-01-16 18:28:45] Cleanup ran: removed 0 stale entries
[2026-01-16 18:28:55] Cleanup ran: removed 0 stale entries
[2026-01-16 18:29:05] Cleanup ran: removed 0 stale entries
[2026-01-16 18:29:15] Cleanup ran: removed 0 stale entries
[2026-01-16 18:29:25] Cleanup ran: removed 0 stale entries
[2026-01-16 18:29:35] Cleanup ran: removed 0 stale entries
[2026-01-16 18:29:45] Cleanup ran: removed 0 stale entries
[2026-01-16 18:29:55] Cleanup ran: removed 0 stale entries
[2026-01-16 18:30:05] Cleanup ran: removed 0 stale entries
[2026-01-16 18:30:15] Cleanup ran: removed 0 stale entries
[2026-01-16 18:30:25] Cleanup ran: removed 0 stale entries
[2026-01-16 18:30:35] Cleanup ran: removed 0 stale entries
[2026-01-16 18:30:45] Cleanup ran: removed 0 stale entries
[2026-01-16 18:30:55] Cleanup ran: removed 0 stale entries
[2026-01-16 18:31:05] Cleanup ran: removed 0 stale entries
[2026-01-16 18:31:15] Cleanup ran: removed 0 stale entries
[2026-01-16 18:31:25] Cleanup ran: removed 0 stale entries
[2026-01-16 18:31:35] Cleanup ran: removed 0 stale entries
[2026-01-16 18:31:45] Cleanup ran: removed 0 stale entries
[2026-01-16 18:31:55] Cleanup ran: removed 0 stale entries
[2026-01-16 18:32:05] Cleanup ran: removed 0 stale entries
[2026-01-16 18:32:15] Cleanup ran: removed 0 stale entries
[2026-01-16 18:32:25] Cleanup ran: removed 0 stale entries
[2026-01-16 18:32:35] Cleanup ran: removed 0 stale entries
[2026-01-16 18:32:45] Cleanup ran: removed 0 stale entries
[2026-01-16 18:32:55] Cleanup ran: removed 0 stale entries
[2026-01-16 18:33:05] Cleanup ran: removed 0 stale entries
[2026-01-16 18:33:15] Cleanup ran: removed 0 stale entries
[2026-01-16 18:33:25] Cleanup ran: removed 0 stale entries
[2026-01-16 18:33:35] Cleanup ran: removed 0 stale entries
[2026-01-16 18:33:45] Cleanup ran: removed 0 stale entries
[2026-01-16 18:33:55] Cleanup ran: removed 0 stale entries
[2026-01-16 18:34:05] Cleanup ran: removed 0 stale entries
[2026-01-16 18:34:15] Cleanup ran: removed 0 stale entries
[2026-01-16 18:34:25] Cleanup ran: removed 0 stale entries
[2026-01-16 18:34:35] Cleanup ran: removed 0 stale entries
[2026-01-16 18:34:45] Cleanup ran: removed 0 stale entries
[2026-01-16 18:34:55] Cleanup ran: removed 0 stale entries
[2026-01-16 18:35:05] Cleanup ran: removed 0 stale entries
[2026-01-16 18:35:15] Cleanup ran: removed 0 stale entries
[2026-01-16 18:35:25] Cleanup ran: removed 0 stale entries
[2026-01-16 18:35:35] Cleanup ran: removed 0 stale entries
[2026-01-16 18:35:45] Cleanup ran: removed 0 stale entries
[2026-01-16 18:35:55] Cleanup ran: removed 0 stale entries
[2026-01-16 18:36:05] Cleanup ran: removed 0 stale entries
[2026-01-16 18:36:15] Cleanup ran: removed 0 stale entries
[2026-01-16 18:36:25] Cleanup ran: removed 0 stale entries
[2026-01-16 18:36:35] Cleanup ran: removed 0 stale entries
[2026-01-16 18:36:45] Cleanup ran: removed 0 stale entries
[2026-01-16 18:36:55] Cleanup ran: removed 0 stale entries
[2026-01-16 18:37:05] Cleanup ran: removed 0 stale entries
[2026-01-16 18:37:15] Cleanup ran: removed 0 stale entries
[2026-01-16 18:37:25] Cleanup ran: removed 0 stale entries
[2026-01-16 18:37:35] Cleanup ran: removed 0 stale entries
[2026-01-16 18:37:45] Cleanup ran: removed 0 stale entries
[2026-01-16 18:37:55] Cleanup ran: removed 0 stale entries
[2026-01-16 18:38:05] Cleanup ran: removed 0 stale entries
[2026-01-16 18:38:15] Cleanup ran: removed 0 stale entries
[2026-01-16 18:38:25] Cleanup ran: removed 0 stale entries
[2026-01-16 18:38:35] Cleanup ran: removed 0 stale entries
[2026-01-16 18:38:45] Cleanup ran: removed 0 stale entries
[2026-01-16 18:38:55] Cleanup ran: removed 0 stale entries
[2026-01-16 18:39:05] Cleanup ran: removed 0 stale entries
[2026-01-16 18:39:15] Cleanup ran: removed 0 stale entries
[2026-01-16 18:39:25] Cleanup ran: removed 0 stale entries
[2026-01-16 18:39:35] Cleanup ran: removed 0 stale entries
[2026-01-16 18:39:45] Cleanup ran: removed 0 stale entries
[2026-01-16 18:39:55] Cleanup ran: removed 0 stale entries
[2026-01-16 18:40:05] Cleanup ran: removed 0 stale entries
[2026-01-16 18:40:15] Cleanup ran: removed 0 stale entries
[2026-01-16 18:40:25] Cleanup ran: removed 0 stale entries
[2026-01-16 18:40:35] Cleanup ran: removed 0 stale entries
[2026-01-16 18:40:45] Cleanup ran: removed 0 stale entries
[2026-01-16 18:40:55] Cleanup ran: removed 0 stale entries
[2026-01-16 18:41:05] Cleanup ran: removed 0 stale entries
[2026-01-16 18:41:15] Cleanup ran: removed 0 stale entries
[2026-01-16 18:41:25] Cleanup ran: removed 0 stale entries
[2026-01-16 18:41:35] Cleanup ran: removed 0 stale entries
[2026-01-16 18:41:45] Cleanup ran: removed 0 stale entries
[2026-01-16 18:41:55] Cleanup ran: removed 0 stale entries
[2026-01-16 18:42:05] Cleanup ran: removed 0 stale entries
[2026-01-16 18:42:15] Cleanup ran: removed 0 stale entries
[2026-01-16 18:42:25] Cleanup ran: removed 0 stale entries
[2026-01-16 18:42:35] Cleanup ran: removed 0 stale entries
[2026-01-16 18:42:45] Cleanup ran: removed 0 stale entries
[2026-01-16 18:42:55] Cleanup ran: removed 0 stale entries
[2026-01-16 18:43:05] Cleanup ran: removed 0 stale entries
[2026-01-16 18:43:15] Cleanup ran: removed 0 stale entries
[2026-01-16 18:43:25] Cleanup ran: removed 0 stale entries
[2026-01-16 18:43:35] Cleanup ran: removed 0 stale entries
[2026-01-16 18:43:45] Cleanup ran: removed 0 stale entries
[2026-01-16 18:43:55] Cleanup ran: removed 0 stale entries
[2026-01-16 18:44:05] Cleanup ran: removed 0 stale entries
[2026-01-16 18:44:15] Cleanup ran: removed 0 stale entries
[2026-01-16 18:44:25] Cleanup ran: removed 0 stale entries
[2026-01-16 18:44:35] Cleanup ran: removed 0 stale entries
[2026-01-16 18:44:45] Cleanup ran: removed 0 stale entries
[2026-01-16 18:44:55] Cleanup ran: removed 0 stale entries
[2026-01-16 18:45:05] Cleanup ran: removed 0 stale entries
[2026-01-16 18:45:15] Cleanup ran: removed 0 stale entries
[2026-01-16 18:45:25] Cleanup ran: removed 0 stale entries
[2026-01-16 18:45:35] Cleanup ran: removed 0 stale entries
[2026-01-16 18:45:45] Cleanup ran: removed 0 stale entries
[2026-01-16 18:45:55] Cleanup ran: removed 0 stale entries
[2026-01-16 18:46:05] Cleanup ran: removed 0 stale entries
[2026-01-16 18:46:15] Cleanup ran: removed 0 stale entries
[2026-01-16 18:46:25] Cleanup ran: removed 0 stale entries
[2026-01-16 18:46:35] Cleanup ran: removed 0 stale entries
[2026-01-16 18:46:45] Cleanup ran: removed 0 stale entries
[2026-01-16 18:46:55] Cleanup ran: removed 0 stale entries
[2026-01-16 18:47:05] Cleanup ran: removed 0 stale entries
[2026-01-16 18:47:15] Cleanup ran: removed 0 stale entries
[2026-01-16 18:47:25] Cleanup ran: removed 0 stale entries
[2026-01-16 18:47:35] Cleanup ran: removed 0 stale entries
[2026-01-16 18:47:45] Cleanup ran: removed 0 stale entries
[2026-01-16 18:47:55] Cleanup ran: removed 0 stale entries
[2026-01-16 18:48:05] Cleanup ran: removed 0 stale entries
[2026-01-16 18:48:15] Cleanup ran: removed 0 stale entries
[2026-01-16 18:48:25] Cleanup ran: removed 0 stale entries
[2026-01-16 18:48:35] Cleanup ran: removed 0 stale entries
[2026-01-16 18:48:45] Cleanup ran: removed 0 stale entries
[2026-01-16 18:48:55] Cleanup ran: removed 0 stale entries
[2026-01-16 18:49:05] Cleanup ran: removed 0 stale entries
[2026-01-16 18:49:15] Cleanup ran: removed 0 stale entries
[2026-01-16 18:49:25] Cleanup ran: removed 0 stale entries
[2026-01-16 18:49:35] Cleanup ran: removed 0 stale entries
[2026-01-16 18:49:45] Cleanup ran: removed 0 stale entries
[2026-01-16 18:49:55] Cleanup ran: removed 0 stale entries
[2026-01-16 18:50:05] Cleanup ran: removed 0 stale entries
[2026-01-16 18:50:15] Cleanup ran: removed 0 stale entries
[2026-01-16 18:50:25] Cleanup ran: removed 0 stale entries
[2026-01-16 18:50:35] Cleanup ran: removed 0 stale entries
[2026-01-16 18:50:45] Cleanup ran: removed 0 stale entries
[2026-01-16 18:50:55] Cleanup ran: removed 0 stale entries
[2026-01-16 18:51:05] Cleanup ran: removed 0 stale entries
[2026-01-16 18:51:15] Cleanup ran: removed 0 stale entries
[2026-01-16 18:51:25] Cleanup ran: removed 0 stale entries
[2026-01-16 18:51:35] Cleanup ran: removed 0 stale entries
[2026-01-16 18:51:45] Cleanup ran: removed 0 stale entries
[2026-01-16 18:51:55] Cleanup ran: removed 0 stale entries
[2026-01-16 18:52:05] Cleanup ran: removed 0 stale entries
[2026-01-16 18:52:15] Cleanup ran: removed 0 stale entries
[2026-01-16 18:52:25] Cleanup ran: removed 0 stale entries
[2026-01-16 18:52:35] Cleanup ran: removed 0 stale entries
[2026-01-16 18:52:45] Cleanup ran: removed 0 stale entries
[2026-01-16 18:52:55] Cleanup ran: removed 0 stale entries
[2026-01-16 18:53:05] Cleanup ran: removed 0 stale entries
[2026-01-16 18:53:15] Cleanup ran: removed 0 stale entries
[2026-01-16 18:53:25] Cleanup ran: removed 0 stale entries
[2026-01-16 18:53:35] Cleanup ran: removed 0 stale entries
[2026-01-16 18:53:45] Cleanup ran: removed 0 stale entries
[2026-01-16 18:53:55] Cleanup ran: removed 0 stale entries
[2026-01-16 18:54:05] Cleanup ran: removed 0 stale entries
[2026-01-16 18:54:15] Cleanup ran: removed 0 stale entries
[2026-01-16 18:54:25] Cleanup ran: removed 0 stale entries
[2026-01-16 18:54:35] Cleanup ran: removed 0 stale entries
[2026-01-16 18:54:45] Cleanup ran: removed 0 stale entries
[2026-01-16 18:54:55] Cleanup ran: removed 0 stale entries
[2026-01-16 18:55:05] Cleanup ran: removed 0 stale entries
[2026-01-16 18:55:15] Cleanup ran: removed 0 stale entries
[2026-01-16 18:55:25] Cleanup ran: removed 0 stale entries
[2026-01-16 18:55:35] Cleanup ran: removed 0 stale entries
[2026-01-16 18:55:45] Cleanup ran: removed 0 stale entries
[2026-01-16 18:55:55] Cleanup ran: removed 0 stale entries
[2026-01-16 18:56:05] Cleanup ran: removed 0 stale entries
[2026-01-16 18:56:15] Cleanup ran: removed 0 stale entries
[2026-01-16 18:56:25] Cleanup ran: removed 0 stale entries
[2026-01-16 18:56:35] Cleanup ran: removed 0 stale entries
[2026-01-16 18:56:45] Cleanup ran: removed 0 stale entries
[2026-01-16 18:56:55] Cleanup ran: removed 0 stale entries
[2026-01-16 18:57:05] Cleanup ran: removed 0 stale entries
[2026-01-16 18:57:15] Cleanup ran: removed 0 stale entries
[2026-01-16 18:57:25] Cleanup ran: removed 0 stale entries
[2026-01-16 18:57:35] Cleanup ran: removed 0 stale entries
[2026-01-16 18:57:45] Cleanup ran: removed 0 stale entries
[2026-01-16 18:57:55] Cleanup ran: removed 0 stale entries
[2026-01-16 18:58:05] Cleanup ran: removed 0 stale entries
[2026-01-16 18:58:15] Cleanup ran: removed 0 stale entries
[2026-01-16 18:58:25] Cleanup ran: removed 0 stale entries
[2026-01-16 18:58:35] Cleanup ran: removed 0 stale entries
[2026-01-16 18:58:45] Cleanup ran: removed 0 stale entries
[2026-01-16 18:58:55] Cleanup ran: removed 0 stale entries
[2026-01-16 18:59:05] Cleanup ran: removed 0 stale entries
[2026-01-16 18:59:15] Cleanup ran: removed 0 stale entries
[2026-01-16 18:59:25] Cleanup ran: removed 0 stale entries
[2026-01-16 18:59:35] Cleanup ran: removed 0 stale entries
[2026-01-16 18:59:45] Cleanup ran: removed 0 stale entries
[2026-01-16 18:59:55] Cleanup ran: removed 0 stale entries
[2026-01-16 19:00:05] Cleanup ran: removed 0 stale entries
[2026-01-16 19:00:15] Cleanup ran: removed 0 stale entries
[2026-01-16 19:00:25] Cleanup ran: removed 0 stale entries
[2026-01-16 19:00:35] Cleanup ran: removed 0 stale entries
[2026-01-16 19:00:45] Cleanup ran: removed 0 stale entries
[2026-01-16 19:00:55] Cleanup ran: removed 0 stale entries
[2026-01-16 19:01:05] Cleanup ran: removed 0 stale entries
[2026-01-16 19:01:15] Cleanup ran: removed 0 stale entries
[2026-01-16 19:01:25] Cleanup ran: removed 0 stale entries
[2026-01-16 19:01:35] Cleanup ran: removed 0 stale entries
[2026-01-16 19:01:45] Cleanup ran: removed 0 stale entries
[2026-01-16 19:01:55] Cleanup ran: removed 0 stale entries
[2026-01-16 19:02:05] Cleanup ran: removed 0 stale entries
[2026-01-16 19:02:15] Cleanup ran: removed 0 stale entries
[2026-01-16 19:02:25] Cleanup ran: removed 0 stale entries
[2026-01-16 19:02:35] Cleanup ran: removed 0 stale entries
[2026-01-16 19:02:45] Cleanup ran: removed 0 stale entries
[2026-01-16 19:02:55] Cleanup ran: removed 0 stale entries
[2026-01-16 19:03:05] Cleanup ran: removed 0 stale entries
[2026-01-16 19:03:15] Cleanup ran: removed 0 stale entries
[2026-01-16 19:03:25] Cleanup ran: removed 0 stale entries
[2026-01-16 19:03:35] Cleanup ran: removed 0 stale entries
[2026-01-16 19:03:45] Cleanup ran: removed 0 stale entries
[2026-01-16 19:03:55] Cleanup ran: removed 0 stale entries
[2026-01-16 19:04:05] Cleanup ran: removed 0 stale entries
[2026-01-16 19:04:15] Cleanup ran: removed 0 stale entries
[2026-01-16 19:04:25] Cleanup ran: removed 0 stale entries
[2026-01-16 19:04:35] Cleanup ran: removed 0 stale entries
[2026-01-16 19:04:45] Cleanup ran: removed 0 stale entries
[2026-01-16 19:04:55] Cleanup ran: removed 0 stale entries
[2026-01-16 19:05:05] Cleanup ran: removed 0 stale entries
[2026-01-16 19:05:15] Cleanup ran: removed 0 stale entries
[2026-01-16 19:05:25] Cleanup ran: removed 0 stale entries
[2026-01-16 19:05:35] Cleanup ran: removed 0 stale entries
[2026-01-16 19:05:45] Cleanup ran: removed 0 stale entries
[2026-01-16 19:05:55] Cleanup ran: removed 0 stale entries
[2026-01-16 19:06:05] Cleanup ran: removed 0 stale entries
[2026-01-16 19:06:15] Cleanup ran: removed 0 stale entries
[2026-01-16 19:06:25] Cleanup ran: removed 0 stale entries
[2026-01-16 19:06:35] Cleanup ran: removed 0 stale entries
[2026-01-16 19:06:45] Cleanup ran: removed 0 stale entries
[2026-01-16 19:06:55] Cleanup ran: removed 0 stale entries
[2026-01-16 19:07:05] Cleanup ran: removed 0 stale entries
[2026-01-16 19:07:15] Cleanup ran: removed 0 stale entries
[2026-01-16 19:07:25] Cleanup ran: removed 0 stale entries
[2026-01-16 19:07:35] Cleanup ran: removed 0 stale entries
[2026-01-16 19:07:45] Cleanup ran: removed 0 stale entries
[2026-01-16 19:07:55] Cleanup ran: removed 0 stale entries
[2026-01-16 19:08:05] Cleanup ran: removed 0 stale entries
[2026-01-16 19:08:15] Cleanup ran: removed 0 stale entries
[2026-01-16 19:08:25] Cleanup ran: removed 0 stale entries
[2026-01-16 19:08:35] Cleanup ran: removed 0 stale entries
[2026-01-16 19:08:45] Cleanup ran: removed 0 stale entries
[2026-01-16 19:08:55] Cleanup ran: removed 0 stale entries
[2026-01-16 19:09:05] Cleanup ran: removed 0 stale entries
[2026-01-16 19:09:15] Cleanup ran: removed 0 stale entries
[2026-01-16 19:09:25] Cleanup ran: removed 0 stale entries
[2026-01-16 19:09:35] Cleanup ran: removed 0 stale entries
[2026-01-16 19:09:45] Cleanup ran: removed 0 stale entries
[2026-01-16 19:09:55] Cleanup ran: removed 0 stale entries
[2026-01-16 19:10:05] Cleanup ran: removed 0 stale entries
[2026-01-16 19:10:15] Cleanup ran: removed 0 stale entries
[2026-01-16 19:10:25] Cleanup ran: removed 0 stale entries
[2026-01-16 19:10:35] Cleanup ran: removed 0 stale entries
[2026-01-16 19:10:45] Cleanup ran: removed 0 stale entries
[2026-01-16 19:10:55] Cleanup ran: removed 0 stale entries
[2026-01-16 19:11:05] Cleanup ran: removed 0 stale entries
[2026-01-16 19:11:15] Cleanup ran: removed 0 stale entries
[2026-01-16 19:11:25] Cleanup ran: removed 0 stale entries
[2026-01-16 19:11:35] Cleanup ran: removed 0 stale entries
[2026-01-16 19:11:45] Cleanup ran: removed 0 stale entries
[2026-01-16 19:11:55] Cleanup ran: removed 0 stale entries
[2026-01-16 19:12:05] Cleanup ran: removed 0 stale entries
[2026-01-16 19:12:15] Cleanup ran: removed 0 stale entries
[2026-01-16 19:12:25] Cleanup ran: removed 0 stale entries
[2026-01-16 19:12:35] Cleanup ran: removed 0 stale entries
[2026-01-16 19:12:45] Cleanup ran: removed 0 stale entries
[2026-01-16 19:12:55] Cleanup ran: removed 0 stale entries
[2026-01-16 19:13:05] Cleanup ran: removed 0 stale entries
[2026-01-16 19:13:15] Cleanup ran: removed 0 stale entries
[2026-01-16 19:13:25] Cleanup ran: removed 0 stale entries
[2026-01-16 19:13:35] Cleanup ran: removed 0 stale entries
[2026-01-16 19:13:45] Cleanup ran: removed 0 stale entries
[2026-01-16 19:13:55] Cleanup ran: removed 0 stale entries
[2026-01-16 19:14:05] Cleanup ran: removed 0 stale entries
[2026-01-16 19:14:15] Cleanup ran: removed 0 stale entries
[2026-01-16 19:14:25] Cleanup ran: removed 0 stale entries
[2026-01-16 19:14:35] Cleanup ran: removed 0 stale entries
[2026-01-16 19:14:45] Cleanup ran: removed 0 stale entries
[2026-01-16 19:14:55] Cleanup ran: removed 0 stale entries
[2026-01-16 19:15:05] Cleanup ran: removed 0 stale entries
[2026-01-16 19:15:15] Cleanup ran: removed 0 stale entries
[2026-01-16 19:15:25] Cleanup ran: removed 0 stale entries
[2026-01-16 19:15:35] Cleanup ran: removed 0 stale entries
[2026-01-16 19:15:45] Cleanup ran: removed 0 stale entries
[2026-01-16 19:15:55] Cleanup ran: removed 0 stale entries
[2026-01-16 19:16:05] Cleanup ran: removed 0 stale entries
[2026-01-16 19:16:15] Cleanup ran: removed 0 stale entries
[2026-01-16 19:16:25] Cleanup ran: removed 0 stale entries
[2026-01-16 19:16:35] Cleanup ran: removed 0 stale entries
[2026-01-16 19:16:45] Cleanup ran: removed 0 stale entries
[2026-01-16 19:16:55] Cleanup ran: removed 0 stale entries
[2026-01-16 19:17:05] Cleanup ran: removed 0 stale entries
[2026-01-16 19:17:15] Cleanup ran: removed 0 stale entries
[2026-01-16 19:17:25] Cleanup ran: removed 0 stale entries
[2026-01-16 19:17:35] Cleanup ran: removed 0 stale entries
[2026-01-16 19:17:45] Cleanup ran: removed 0 stale entries
[2026-01-16 19:17:55] Cleanup ran: removed 0 stale entries
[2026-01-16 19:18:05] Cleanup ran: removed 0 stale entries
[2026-01-16 19:18:15] Cleanup ran: removed 0 stale entries
[2026-01-16 19:18:25] Cleanup ran: removed 0 stale entries
[2026-01-16 19:18:35] Cleanup ran: removed 0 stale entries
[2026-01-16 19:18:45] Cleanup ran: removed 0 stale entries
[2026-01-16 19:18:55] Cleanup ran: removed 0 stale entries
[2026-01-16 19:19:05] Cleanup ran: removed 0 stale entries
[2026-01-16 19:19:15] Cleanup ran: removed 0 stale entries
[2026-01-16 19:19:25] Cleanup ran: removed 0 stale entries
[2026-01-16 19:19:35] Cleanup ran: removed 0 stale entries
[2026-01-16 19:19:45] Cleanup ran: removed 0 stale entries
[2026-01-16 19:19:55] Cleanup ran: removed 0 stale entries
[2026-01-16 19:20:05] Cleanup ran: removed 0 stale entries
[2026-01-16 19:20:15] Cleanup ran: removed 0 stale entries
[2026-01-16 19:20:25] Cleanup ran: removed 0 stale entries
[2026-01-16 19:20:35] Cleanup ran: removed 0 stale entries
[2026-01-16 19:20:45] Cleanup ran: removed 0 stale entries
[2026-01-16 19:20:55] Cleanup ran: removed 0 stale entries
[2026-01-16 19:21:05] Cleanup ran: removed 0 stale entries
[2026-01-16 19:21:15] Cleanup ran: removed 0 stale entries
[2026-01-16 19:21:25] Cleanup ran: removed 0 stale entries
[2026-01-16 19:21:35] Cleanup ran: removed 0 stale entries
[2026-01-16 19:21:45] Cleanup ran: removed 0 stale entries
[2026-01-16 19:21:55] Cleanup ran: removed 0 stale entries
[2026-01-16 19:22:05] Cleanup ran: removed 0 stale entries
[2026-01-16 19:22:15] Cleanup ran: removed 0 stale entries
[2026-01-16 19:22:25] Cleanup ran: removed 0 stale entries
[2026-01-16 19:22:35] Cleanup ran: removed 0 stale entries
[2026-01-16 19:22:45] Cleanup ran: removed 0 stale entries
[2026-01-16 19:22:55] Cleanup ran: removed 0 stale entries
[2026-01-16 19:23:05] Cleanup ran: removed 0 stale entries
[2026-01-16 19:23:15] Cleanup ran: removed 0 stale entries
[2026-01-16 19:23:25] Cleanup ran: removed 0 stale entries
[2026-01-16 19:23:35] Cleanup ran: removed 0 stale entries
[2026-01-16 19:23:45] Cleanup ran: removed 0 stale entries
[2026-01-16 19:23:55] Cleanup ran: removed 0 stale entries
[2026-01-16 19:24:05] Cleanup ran: removed 0 stale entries
[2026-01-16 19:24:15] Cleanup ran: removed 0 stale entries
[2026-01-16 19:24:25] Cleanup ran: removed 0 stale entries
[2026-01-16 19:24:35] Cleanup ran: removed 0 stale entries
[2026-01-16 19:24:45] Cleanup ran: removed 0 stale entries
[2026-01-16 19:24:55] Cleanup ran: removed 0 stale entries
[2026-01-16 19:25:05] Cleanup ran: removed 0 stale entries
[2026-01-16 19:25:15] Cleanup ran: removed 0 stale entries
[2026-01-16 19:25:25] Cleanup ran: removed 0 stale entries
[2026-01-16 19:25:35] Cleanup ran: removed 0 stale entries
[2026-01-16 19:25:45] Cleanup ran: removed 0 stale entries
[2026-01-16 19:25:55] Cleanup ran: removed 0 stale entries
[2026-01-16 19:26:05] Cleanup ran: removed 0 stale entries
[2026-01-16 19:26:15] Cleanup ran: removed 0 stale entries
[2026-01-16 19:26:25] Cleanup ran: removed 0 stale entries
[2026-01-16 19:26:35] Cleanup ran: removed 0 stale entries
[2026-01-16 19:26:45] Cleanup ran: removed 0 stale entries
[2026-01-16 19:26:55] Cleanup ran: removed 0 stale entries
[2026-01-16 19:27:05] Cleanup ran: removed 0 stale entries
[2026-01-16 19:27:15] Cleanup ran: removed 0 stale entries
[2026-01-16 19:27:25] Cleanup ran: removed 0 stale entries
[2026-01-16 19:27:35] Cleanup ran: removed 0 stale entries
[2026-01-16 19:27:45] Cleanup ran: removed 0 stale entries
[2026-01-16 19:27:55] Cleanup ran: removed 0 stale entries
[2026-01-16 19:28:05] Cleanup ran: removed 0 stale entries
[2026-01-16 19:28:15] Cleanup ran: removed 0 stale entries
[2026-01-16 19:28:25] Cleanup ran: removed 0 stale entries
[2026-01-16 19:28:35] Cleanup ran: removed 0 stale entries
[2026-01-16 19:28:45] Cleanup ran: removed 0 stale entries
[2026-01-16 19:28:55] Cleanup ran: removed 0 stale entries
[2026-01-16 19:29:05] Cleanup ran: removed 0 stale entries
[2026-01-16 19:29:15] Cleanup ran: removed 0 stale entries
[2026-01-16 19:29:25] Cleanup ran: removed 0 stale entries
[2026-01-16 19:29:35] Cleanup ran: removed 0 stale entries
[2026-01-16 19:29:45] Cleanup ran: removed 0 stale entries
[2026-01-16 19:29:55] Cleanup ran: removed 0 stale entries
[2026-01-16 19:30:05] Cleanup ran: removed 0 stale entries
[2026-01-16 19:30:15] Cleanup ran: removed 0 stale entries
[2026-01-16 19:30:25] Cleanup ran: removed 0 stale entries
[2026-01-16 19:30:35] Cleanup ran: removed 0 stale entries
[2026-01-16 19:30:45] Cleanup ran: removed 0 stale entries
[2026-01-16 19:30:55] Cleanup ran: removed 0 stale entries
[2026-01-16 19:31:05] Cleanup ran: removed 0 stale entries
[2026-01-16 19:31:15] Cleanup ran: removed 0 stale entries
[2026-01-16 19:31:25] Cleanup ran: removed 0 stale entries
[2026-01-16 19:31:35] Cleanup ran: removed 0 stale entries
[2026-01-16 19:31:45] Cleanup ran: removed 0 stale entries
[2026-01-16 19:31:55] Cleanup ran: removed 0 stale entries
[2026-01-16 19:32:05] Cleanup ran: removed 0 stale entries
[2026-01-16 19:32:15] Cleanup ran: removed 0 stale entries
[2026-01-16 19:32:25] Cleanup ran: removed 0 stale entries
[2026-01-16 19:32:35] Cleanup ran: removed 0 stale entries
[2026-01-16 19:32:45] Cleanup ran: removed 0 stale entries
[2026-01-16 19:32:55] Cleanup ran: removed 0 stale entries
[2026-01-16 19:33:05] Cleanup ran: removed 0 stale entries
[2026-01-16 19:33:15] Cleanup ran: removed 0 stale entries
[2026-01-16 19:33:25] Cleanup ran: removed 0 stale entries
[2026-01-16 19:33:35] Cleanup ran: removed 0 stale entries
[2026-01-16 19:33:45] Cleanup ran: removed 0 stale entries
[2026-01-16 19:33:55] Cleanup ran: removed 0 stale entries
[2026-01-16 19:34:05] Cleanup ran: removed 0 stale entries
[2026-01-16 19:34:15] Cleanup ran: removed 0 stale entries
[2026-01-16 19:34:25] Cleanup ran: removed 0 stale entries
[2026-01-16 19:34:35] Cleanup ran: removed 0 stale entries
[2026-01-16 19:34:45] Cleanup ran: removed 0 stale entries
[2026-01-16 19:34:55] Cleanup ran: removed 0 stale entries
[2026-01-16 19:35:05] Cleanup ran: removed 0 stale entries
[2026-01-16 19:35:15] Cleanup ran: removed 0 stale entries
[2026-01-16 19:35:25] Cleanup ran: removed 0 stale entries
[2026-01-16 19:35:35] Cleanup ran: removed 0 stale entries
[2026-01-16 19:35:45] Cleanup ran: removed 0 stale entries
[2026-01-16 19:35:55] Cleanup ran: removed 0 stale entries
[2026-01-16 19:36:05] Cleanup ran: removed 0 stale entries
[2026-01-16 19:36:15] Cleanup ran: removed 0 stale entries
[2026-01-16 19:36:25] Cleanup ran: removed 0 stale entries
[2026-01-16 19:36:35] Cleanup ran: removed 0 stale entries
[2026-01-16 19:36:45] Cleanup ran: removed 0 stale entries
[2026-01-16 19:36:55] Cleanup ran: removed 0 stale entries
[2026-01-16 19:37:05] Cleanup ran: removed 0 stale entries
[2026-01-16 19:37:15] Cleanup ran: removed 0 stale entries
[2026-01-16 19:37:25] Cleanup ran: removed 0 stale entries
[2026-01-16 19:37:35] Cleanup ran: removed 0 stale entries
[2026-01-16 19:37:45] Cleanup ran: removed 0 stale entries
[2026-01-16 19:37:55] Cleanup ran: removed 0 stale entries
[2026-01-16 19:38:05] Cleanup ran: removed 0 stale entries
[2026-01-16 19:38:15] Cleanup ran: removed 0 stale entries
[2026-01-16 19:38:25] Cleanup ran: removed 0 stale entries
[2026-01-16 19:38:35] Cleanup ran: removed 0 stale entries
[2026-01-16 19:38:45] Cleanup ran: removed 0 stale entries
[2026-01-16 19:38:55] Cleanup ran: removed 0 stale entries
[2026-01-16 19:39:05] Cleanup ran: removed 0 stale entries
[2026-01-16 19:39:15] Cleanup ran: removed 0 stale entries
[2026-01-16 19:39:25] Cleanup ran: removed 0 stale entries
[2026-01-16 19:39:35] Cleanup ran: removed 0 stale entries
[2026-01-16 19:39:45] Cleanup ran: removed 0 stale entries
[2026-01-16 19:39:55] Cleanup ran: removed 0 stale entries
[2026-01-16 19:40:05] Cleanup ran: removed 0 stale entries
[2026-01-16 19:40:15] Cleanup ran: removed 0 stale entries
[2026-01-16 19:40:25] Cleanup ran: removed 0 stale entries
[2026-01-16 19:40:35] Cleanup ran: removed 0 stale entries
[2026-01-16 19:40:45] Cleanup ran: removed 0 stale entries
[2026-01-16 19:40:55] Cleanup ran: removed 0 stale entries
[2026-01-16 19:41:05] Cleanup ran: removed 0 stale entries
[2026-01-16 19:41:15] Cleanup ran: removed 0 stale entries
[2026-01-16 19:41:25] Cleanup ran: removed 0 stale entries
[2026-01-16 19:41:35] Cleanup ran: removed 0 stale entries
[2026-01-16 19:41:45] Cleanup ran: removed 0 stale entries
[2026-01-16 19:41:55] Cleanup ran: removed 0 stale entries
[2026-01-16 19:42:05] Cleanup ran: removed 0 stale entries
[2026-01-16 19:42:15] Cleanup ran: removed 0 stale entries
[2026-01-16 19:42:25] Cleanup ran: removed 0 stale entries
[2026-01-16 19:42:35] Cleanup ran: removed 0 stale entries
[2026-01-16 19:42:45] Cleanup ran: removed 0 stale entries
[2026-01-16 19:42:55] Cleanup ran: removed 0 stale entries
[2026-01-16 19:43:05] Cleanup ran: removed 0 stale entries
[2026-01-16 19:43:15] Cleanup ran: removed 0 stale entries
[2026-01-16 19:43:25] Cleanup ran: removed 0 stale entries
[2026-01-16 19:43:35] Cleanup ran: removed 0 stale entries
[2026-01-16 19:43:45] Cleanup ran: removed 0 stale entries
[2026-01-16 19:43:55] Cleanup ran: removed 0 stale entries
[2026-01-16 19:44:05] Cleanup ran: removed 0 stale entries
[2026-01-16 19:44:15] Cleanup ran: removed 0 stale entries
[2026-01-16 19:44:25] Cleanup ran: removed 0 stale entries
[2026-01-16 19:44:35] Cleanup ran: removed 0 stale entries
[2026-01-16 19:44:45] Cleanup ran: removed 0 stale entries
[2026-01-16 19:44:55] Cleanup ran: removed 0 stale entries
[2026-01-16 19:45:05] Cleanup ran: removed 0 stale entries
[2026-01-16 19:45:15] Cleanup ran: removed 0 stale entries
[2026-01-16 19:45:25] Cleanup ran: removed 0 stale entries
[2026-01-16 19:45:35] Cleanup ran: removed 0 stale entries
[2026-01-16 19:45:45] Cleanup ran: removed 0 stale entries
[2026-01-16 19:45:55] Cleanup ran: removed 0 stale entries
[2026-01-16 19:46:05] Cleanup ran: removed 0 stale entries
[2026-01-16 19:46:15] Cleanup ran: removed 0 stale entries
[2026-01-16 19:46:25] Cleanup ran: removed 0 stale entries
[2026-01-16 19:46:35] Cleanup ran: removed 0 stale entries
[2026-01-16 19:46:45] Cleanup ran: removed 0 stale entries
[2026-01-16 19:46:55] Cleanup ran: removed 0 stale entries
[2026-01-16 19:47:05] Cleanup ran: removed 0 stale entries
[2026-01-16 19:47:15] Cleanup ran: removed 0 stale entries
[2026-01-16 19:47:25] Cleanup ran: removed 0 stale entries
[2026-01-16 19:47:35] Cleanup ran: removed 0 stale entries
[2026-01-16 19:47:45] Cleanup ran: removed 0 stale entries
[2026-01-16 19:47:55] Cleanup ran: removed 0 stale entries
[2026-01-16 19:48:05] Cleanup ran: removed 0 stale entries
[2026-01-16 19:48:15] Cleanup ran: removed 0 stale entries
[2026-01-16 19:48:25] Cleanup ran: removed 0 stale entries
[2026-01-16 19:48:35] Cleanup ran: removed 0 stale entries
[2026-01-16 19:48:45] Cleanup ran: removed 0 stale entries
[2026-01-16 19:48:55] Cleanup ran: removed 0 stale entries
[2026-01-16 19:49:05] Cleanup ran: removed 0 stale entries
[2026-01-16 19:49:15] Cleanup ran: removed 0 stale entries
[2026-01-16 19:49:25] Cleanup ran: removed 0 stale entries
[2026-01-16 19:49:35] Cleanup ran: removed 0 stale entries
[2026-01-16 19:49:45] Cleanup ran: removed 0 stale entries
[2026-01-16 19:49:55] Cleanup ran: removed 0 stale entries
[2026-01-16 19:50:05] Cleanup ran: removed 0 stale entries
[2026-01-16 19:50:15] Cleanup ran: removed 0 stale entries
[2026-01-16 19:50:25] Cleanup ran: removed 0 stale entries
[2026-01-16 19:50:35] Cleanup ran: removed 0 stale entries
[2026-01-16 19:50:45] Cleanup ran: removed 0 stale entries
[2026-01-16 19:50:55] Cleanup ran: removed 0 stale entries
[2026-01-16 19:51:05] Cleanup ran: removed 0 stale entries
[2026-01-16 19:51:15] Cleanup ran: removed 0 stale entries
[2026-01-16 19:51:25] Cleanup ran: removed 0 stale entries
[2026-01-16 19:51:35] Cleanup ran: removed 0 stale entries
[2026-01-16 19:51:45] Cleanup ran: removed 0 stale entries
[2026-01-16 19:51:55] Cleanup ran: removed 0 stale entries
[2026-01-16 19:52:05] Cleanup ran: removed 0 stale entries
[2026-01-16 19:52:15] Cleanup ran: removed 0 stale entries
[2026-01-16 19:52:25] Cleanup ran: removed 0 stale entries
[2026-01-16 19:52:35] Cleanup ran: removed 0 stale entries
[2026-01-16 19:52:45] Cleanup ran: removed 0 stale entries
[2026-01-16 19:52:55] Cleanup ran: removed 0 stale entries
[2026-01-16 19:53:05] Cleanup ran: removed 0 stale entries
[2026-01-16 19:53:15] Cleanup ran: removed 0 stale entries
[2026-01-16 19:53:25] Cleanup ran: removed 0 stale entries
[2026-01-16 19:53:35] Cleanup ran: removed 0 stale entries
[2026-01-16 19:53:45] Cleanup ran: removed 0 stale entries
[2026-01-16 19:53:55] Cleanup ran: removed 0 stale entries
[2026-01-16 19:54:05] Cleanup ran: removed 0 stale entries
[2026-01-16 19:54:15] Cleanup ran: removed 0 stale entries
[2026-01-16 19:54:25] Cleanup ran: removed 0 stale entries
[2026-01-16 19:54:35] Cleanup ran: removed 0 stale entries
[2026-01-16 19:54:45] Cleanup ran: removed 0 stale entries
[2026-01-16 19:54:55] Cleanup ran: removed 0 stale entries
[2026-01-16 19:55:05] Cleanup ran: removed 0 stale entries
[2026-01-16 19:55:15] Cleanup ran: removed 0 stale entries
[2026-01-16 19:55:25] Cleanup ran: removed 0 stale entries
[2026-01-16 19:55:35] Cleanup ran: removed 0 stale entries
[2026-01-16 19:55:45] Cleanup ran: removed 0 stale entries
[2026-01-16 19:55:55] Cleanup ran: removed 0 stale entries
[2026-01-16 19:56:05] Cleanup ran: removed 0 stale entries
[2026-01-16 19:56:15] Cleanup ran: removed 0 stale entries
[2026-01-16 19:56:25] Cleanup ran: removed 0 stale entries
[2026-01-16 19:56:35] Cleanup ran: removed 0 stale entries
[2026-01-16 19:56:45] Cleanup ran: removed 0 stale entries
[2026-01-16 19:56:55] Cleanup ran: removed 0 stale entries
[2026-01-16 19:57:05] Cleanup ran: removed 0 stale entries
[2026-01-16 19:57:15] Cleanup ran: removed 0 stale entries
[2026-01-16 19:57:25] Cleanup ran: removed 0 stale entries
[2026-01-16 19:57:35] Cleanup ran: removed 0 stale entries
[2026-01-16 19:57:45] Cleanup ran: removed 0 stale entries
[2026-01-16 19:57:55] Cleanup ran: removed 0 stale entries
[2026-01-16 19:58:05] Cleanup ran: removed 0 stale entries
[2026-01-16 19:58:15] Cleanup ran: removed 0 stale entries
[2026-01-16 19:58:25] Cleanup ran: removed 0 stale entries
[2026-01-16 19:58:35] Cleanup ran: removed 0 stale entries
[2026-01-16 19:58:45] Cleanup ran: removed 0 stale entries
[2026-01-16 19:58:55] Cleanup ran: removed 0 stale entries
[2026-01-16 19:59:05] Cleanup ran: removed 0 stale entries
[2026-01-16 19:59:15] Cleanup ran: removed 0 stale entries
[2026-01-16 19:59:25] Cleanup ran: removed 0 stale entries
[2026-01-16 19:59:35] Cleanup ran: removed 0 stale entries
[2026-01-16 19:59:45] Cleanup ran: removed 0 stale entries
[2026-01-16 19:59:55] Cleanup ran: removed 0 stale entries
[2026-01-16 20:00:05] Cleanup ran: removed 0 stale entries
[2026-01-16 20:00:15] Cleanup ran: removed 0 stale entries
[2026-01-16 20:00:25] Cleanup ran: removed 0 stale entries
[2026-01-16 20:00:35] Cleanup ran: removed 0 stale entries
[2026-01-16 20:00:45] Cleanup ran: removed 0 stale entries
[2026-01-16 20:00:55] Cleanup ran: removed 0 stale entries
[2026-01-16 20:01:05] Cleanup ran: removed 0 stale entries
[2026-01-16 20:01:15] Cleanup ran: removed 0 stale entries
[2026-01-16 20:01:25] Cleanup ran: removed 0 stale entries
[2026-01-16 20:01:35] Cleanup ran: removed 0 stale entries
[2026-01-16 20:01:45] Cleanup ran: removed 0 stale entries
[2026-01-16 20:01:55] Cleanup ran: removed 0 stale entries
[2026-01-16 20:02:05] Cleanup ran: removed 0 stale entries
[2026-01-16 20:02:15] Cleanup ran: removed 0 stale entries
[2026-01-16 20:02:25] Cleanup ran: removed 0 stale entries
[2026-01-16 20:02:35] Cleanup ran: removed 0 stale entries
[2026-01-16 20:02:45] Cleanup ran: removed 0 stale entries
[2026-01-16 20:02:55] Cleanup ran: removed 0 stale entries
[2026-01-16 20:03:05] Cleanup ran: removed 0 stale entries
[2026-01-16 20:03:15] Cleanup ran: removed 0 stale entries
[2026-01-16 20:03:25] Cleanup ran: removed 0 stale entries
[2026-01-16 20:03:35] Cleanup ran: removed 0 stale entries
[2026-01-16 20:03:45] Cleanup ran: removed 0 stale entries
[2026-01-16 20:03:55] Cleanup ran: removed 0 stale entries
[2026-01-16 20:04:05] Cleanup ran: removed 0 stale entries
[2026-01-16 20:04:15] Cleanup ran: removed 0 stale entries
[2026-01-16 20:04:25] Cleanup ran: removed 0 stale entries
[2026-01-16 20:04:35] Cleanup ran: removed 0 stale entries
[2026-01-16 20:04:45] Cleanup ran: removed 0 stale entries
[2026-01-16 20:04:55] Cleanup ran: removed 0 stale entries
[2026-01-16 20:05:05] Cleanup ran: removed 0 stale entries
[2026-01-16 20:05:15] Cleanup ran: removed 0 stale entries
[2026-01-16 20:05:25] Cleanup ran: removed 0 stale entries
[2026-01-16 20:05:35] Cleanup ran: removed 0 stale entries
[2026-01-16 20:05:45] Cleanup ran: removed 0 stale entries
[2026-01-16 20:05:55] Cleanup ran: removed 0 stale entries
[2026-01-16 20:06:05] Cleanup ran: removed 0 stale entries
[2026-01-16 20:06:15] Cleanup ran: removed 0 stale entries
[2026-01-16 20:06:25] Cleanup ran: removed 0 stale entries
[2026-01-16 20:06:35] Cleanup ran: removed 0 stale entries
[2026-01-16 20:06:45] Cleanup ran: removed 0 stale entries
[2026-01-16 20:06:55] Cleanup ran: removed 0 stale entries
[2026-01-16 20:07:05] Cleanup ran: removed 0 stale entries
[2026-01-16 20:07:15] Cleanup ran: removed 0 stale entries
[2026-01-16 20:07:25] Cleanup ran: removed 0 stale entries
[2026-01-16 20:07:35] Cleanup ran: removed 0 stale entries
[2026-01-16 20:07:45] Cleanup ran: removed 0 stale entries
[2026-01-16 20:07:55] Cleanup ran: removed 0 stale entries
[2026-01-16 20:08:05] Cleanup ran: removed 0 stale entries
[2026-01-16 20:08:15] Cleanup ran: removed 0 stale entries
[2026-01-16 20:08:25] Cleanup ran: removed 0 stale entries
[2026-01-16 20:08:35] Cleanup ran: removed 0 stale entries
[2026-01-16 20:08:45] Cleanup ran: removed 0 stale entries
[2026-01-16 20:08:55] Cleanup ran: removed 0 stale entries
[2026-01-16 20:09:05] Cleanup ran: removed 0 stale entries
[2026-01-16 20:09:15] Cleanup ran: removed 0 stale entries
[2026-01-16 20:09:25] Cleanup ran: removed 0 stale entries
[2026-01-16 20:09:35] Cleanup ran: removed 0 stale entries
[2026-01-16 20:09:45] Cleanup ran: removed 0 stale entries
[2026-01-16 20:09:55] Cleanup ran: removed 0 stale entries
[2026-01-16 20:10:05] Cleanup ran: removed 0 stale entries
[2026-01-16 20:10:15] Cleanup ran: removed 0 stale entries
[2026-01-16 20:10:25] Cleanup ran: removed 0 stale entries
[2026-01-16 20:10:35] Cleanup ran: removed 0 stale entries
[2026-01-16 20:10:45] Cleanup ran: removed 0 stale entries
[2026-01-16 20:10:55] Cleanup ran: removed 0 stale entries
[2026-01-16 20:11:05] Cleanup ran: removed 0 stale entries
[2026-01-16 20:11:15] Cleanup ran: removed 0 stale entries
[2026-01-16 20:11:25] Cleanup ran: removed 0 stale entries
[2026-01-16 20:11:35] Cleanup ran: removed 0 stale entries
[2026-01-16 20:11:45] Cleanup ran: removed 0 stale entries
[2026-01-16 20:11:55] Cleanup ran: removed 0 stale entries
[2026-01-16 20:12:05] Cleanup ran: removed 0 stale entries
[2026-01-16 20:12:15] Cleanup ran: removed 0 stale entries
[2026-01-16 20:12:25] Cleanup ran: removed 0 stale entries
[2026-01-16 20:12:35] Cleanup ran: removed 0 stale entries
[2026-01-16 20:12:45] Cleanup ran: removed 0 stale entries
[2026-01-16 20:12:55] Cleanup ran: removed 0 stale entries
[2026-01-16 20:13:05] Cleanup ran: removed 0 stale entries
[2026-01-16 20:13:15] Cleanup ran: removed 0 stale entries
[2026-01-16 20:13:25] Cleanup ran: removed 0 stale entries
[2026-01-16 20:13:35] Cleanup ran: removed 0 stale entries
[2026-01-16 20:13:45] Cleanup ran: removed 0 stale entries
[2026-01-16 20:13:55] Cleanup ran: removed 0 stale entries
[2026-01-16 20:14:05] Cleanup ran: removed 0 stale entries
[2026-01-16 20:14:15] Cleanup ran: removed 0 stale entries
[2026-01-16 20:14:25] Cleanup ran: removed 0 stale entries
[2026-01-16 20:14:35] Cleanup ran: removed 0 stale entries
[2026-01-16 20:14:45] Cleanup ran: removed 0 stale entries
[2026-01-16 20:14:55] Cleanup ran: removed 0 stale entries
[2026-01-16 20:15:05] Cleanup ran: removed 0 stale entries
[2026-01-16 20:15:15] Cleanup ran: removed 0 stale entries
[2026-01-16 20:15:25] Cleanup ran: removed 0 stale entries
[2026-01-16 20:15:35] Cleanup ran: removed 0 stale entries
[2026-01-16 20:15:45] Cleanup ran: removed 0 stale entries
[2026-01-16 20:15:55] Cleanup ran: removed 0 stale entries
[2026-01-16 20:16:05] Cleanup ran: removed 0 stale entries
[2026-01-16 20:16:15] Cleanup ran: removed 0 stale entries
[2026-01-16 20:16:25] Cleanup ran: removed 0 stale entries
[2026-01-16 20:16:35] Cleanup ran: removed 0 stale entries
[2026-01-16 20:16:45] Cleanup ran: removed 0 stale entries
[2026-01-16 20:16:55] Cleanup ran: removed 0 stale entries
[2026-01-16 20:17:05] Cleanup ran: removed 0 stale entries
[2026-01-16 20:17:15] Cleanup ran: removed 0 stale entries
[2026-01-16 20:17:25] Cleanup ran: removed 0 stale entries
[2026-01-16 20:17:35] Cleanup ran: removed 0 stale entries
[2026-01-16 20:17:45] Cleanup ran: removed 0 stale entries
[2026-01-16 20:17:55] Cleanup ran: removed 0 stale entries
[2026-01-16 20:18:05] Cleanup ran: removed 0 stale entries
[2026-01-16 20:18:15] Cleanup ran: removed 0 stale entries
[2026-01-16 20:18:25] Cleanup ran: removed 0 stale entries
[2026-01-16 20:18:35] Cleanup ran: removed 0 stale entries
[2026-01-16 20:18:45] Cleanup ran: removed 0 stale entries
[2026-01-16 20:18:55] Cleanup ran: removed 0 stale entries
[2026-01-16 20:19:05] Cleanup ran: removed 0 stale entries
[2026-01-16 20:19:15] Cleanup ran: removed 0 stale entries
[2026-01-16 20:19:25] Cleanup ran: removed 0 stale entries
[2026-01-16 20:19:35] Cleanup ran: removed 0 stale entries
[2026-01-16 20:19:45] Cleanup ran: removed 0 stale entries
[2026-01-16 20:19:55] Cleanup ran: removed 0 stale entries
[2026-01-16 20:20:05] Cleanup ran: removed 0 stale entries
[2026-01-16 20:20:15] Cleanup ran: removed 0 stale entries
[2026-01-16 20:20:25] Cleanup ran: removed 0 stale entries
[2026-01-16 20:20:35] Cleanup ran: removed 0 stale entries
[2026-01-16 20:20:45] Cleanup ran: removed 0 stale entries
[2026-01-16 20:20:55] Cleanup ran: removed 0 stale entries
[2026-01-16 20:21:05] Cleanup ran: removed 0 stale entries
[2026-01-16 20:21:15] Cleanup ran: removed 0 stale entries
[2026-01-16 20:21:25] Cleanup ran: removed 0 stale entries
[2026-01-16 20:21:35] Cleanup ran: removed 0 stale entries
[2026-01-16 20:21:45] Cleanup ran: removed 0 stale entries
[2026-01-16 20:21:55] Cleanup ran: removed 0 stale entries
[2026-01-16 20:22:05] Cleanup ran: removed 0 stale entries
[2026-01-16 20:22:15] Cleanup ran: removed 0 stale entries
[2026-01-16 20:22:25] Cleanup ran: removed 0 stale entries
[2026-01-16 20:22:35] Cleanup ran: removed 0 stale entries
[2026-01-16 20:22:45] Cleanup ran: removed 0 stale entries
[2026-01-16 20:22:55] Cleanup ran: removed 0 stale entries
[2026-01-16 20:23:05] Cleanup ran: removed 0 stale entries
[2026-01-16 20:23:15] Cleanup ran: removed 0 stale entries
[2026-01-16 20:23:25] Cleanup ran: removed 0 stale entries
[2026-01-16 20:23:35] Cleanup ran: removed 0 stale entries
[2026-01-16 20:23:45] Cleanup ran: removed 0 stale entries
[2026-01-16 20:23:55] Cleanup ran: removed 0 stale entries
[2026-01-16 20:24:05] Cleanup ran: removed 0 stale entries
[2026-01-16 20:24:15] Cleanup ran: removed 0 stale entries
[2026-01-16 20:24:25] Cleanup ran: removed 0 stale entries
[2026-01-16 20:24:35] Cleanup ran: removed 0 stale entries
[2026-01-16 20:24:45] Cleanup ran: removed 0 stale entries
[2026-01-16 20:24:55] Cleanup ran: removed 0 stale entries
[2026-01-16 20:25:05] Cleanup ran: removed 0 stale entries
[2026-01-16 20:25:15] Cleanup ran: removed 0 stale entries
[2026-01-16 20:25:25] Cleanup ran: removed 0 stale entries
[2026-01-16 20:25:35] Cleanup ran: removed 0 stale entries
[2026-01-16 20:25:45] Cleanup ran: removed 0 stale entries
[2026-01-16 20:25:55] Cleanup ran: removed 0 stale entries
[2026-01-16 20:26:05] Cleanup ran: removed 0 stale entries
[2026-01-16 20:26:15] Cleanup ran: removed 0 stale entries
[2026-01-16 20:26:25] Cleanup ran: removed 0 stale entries
[2026-01-16 20:26:35] Cleanup ran: removed 0 stale entries
[2026-01-16 20:26:45] Cleanup ran: removed 0 stale entries
[2026-01-16 20:26:55] Cleanup ran: removed 0 stale entries
[2026-01-16 20:27:05] Cleanup ran: removed 0 stale entries
[2026-01-16 20:27:15] Cleanup ran: removed 0 stale entries
[2026-01-16 20:27:25] Cleanup ran: removed 0 stale entries
[2026-01-16 20:27:35] Cleanup ran: removed 0 stale entries
[2026-01-16 20:27:45] Cleanup ran: removed 0 stale entries
[2026-01-16 20:27:55] Cleanup ran: removed 0 stale entries
[2026-01-16 20:28:05] Cleanup ran: removed 0 stale entries
[2026-01-16 20:28:15] Cleanup ran: removed 0 stale entries
[2026-01-16 20:28:25] Cleanup ran: removed 0 stale entries
[2026-01-16 20:28:35] Cleanup ran: removed 0 stale entries
[2026-01-16 20:28:45] Cleanup ran: removed 0 stale entries
[2026-01-16 20:28:55] Cleanup ran: removed 0 stale entries
[2026-01-16 20:29:05] Cleanup ran: removed 0 stale entries
[2026-01-16 20:29:15] Cleanup ran: removed 0 stale entries
[2026-01-16 20:29:25] Cleanup ran: removed 0 stale entries
[2026-01-16 20:29:35] Cleanup ran: removed 0 stale entries
[2026-01-16 20:29:45] Cleanup ran: removed 0 stale entries
[2026-01-16 20:29:55] Cleanup ran: removed 0 stale entries
[2026-01-16 20:30:05] Cleanup ran: removed 0 stale entries
[2026-01-16 20:30:15] Cleanup ran: removed 0 stale entries
[2026-01-16 20:30:25] Cleanup ran: removed 0 stale entries
[2026-01-16 20:30:35] Cleanup ran: removed 0 stale entries
[2026-01-16 20:30:45] Cleanup ran: removed 0 stale entries
[2026-01-16 20:30:55] Cleanup ran: removed 0 stale entries
[2026-01-16 20:31:05] Cleanup ran: removed 0 stale entries
[2026-01-16 20:31:15] Cleanup ran: removed 0 stale entries
[2026-01-16 20:31:25] Cleanup ran: removed 0 stale entries
[2026-01-16 20:31:35] Cleanup ran: removed 0 stale entries
[2026-01-16 20:31:45] Cleanup ran: removed 0 stale entries
[2026-01-16 20:31:55] Cleanup ran: removed 0 stale entries
[2026-01-16 20:32:05] Cleanup ran: removed 0 stale entries
[2026-01-16 20:32:15] Cleanup ran: removed 0 stale entries
[2026-01-16 20:32:25] Cleanup ran: removed 0 stale entries
[2026-01-16 20:32:35] Cleanup ran: removed 0 stale entries
[2026-01-16 20:32:45] Cleanup ran: removed 0 stale entries
[2026-01-16 20:32:55] Cleanup ran: removed 0 stale entries
[2026-01-16 20:33:05] Cleanup ran: removed 0 stale entries
[2026-01-16 20:33:15] Cleanup ran: removed 0 stale entries
[2026-01-16 20:33:25] Cleanup ran: removed 0 stale entries
[2026-01-16 20:33:35] Cleanup ran: removed 0 stale entries
[2026-01-16 20:33:45] Cleanup ran: removed 0 stale entries
[2026-01-16 20:33:55] Cleanup ran: removed 0 stale entries
[2026-01-16 20:34:05] Cleanup ran: removed 0 stale entries
[2026-01-16 20:34:15] Cleanup ran: removed 0 stale entries
[2026-01-16 20:34:25] Cleanup ran: removed 0 stale entries
[2026-01-16 20:34:35] Cleanup ran: removed 0 stale entries
[2026-01-16 20:34:45] Cleanup ran: removed 0 stale entries
[2026-01-16 20:34:55] Cleanup ran: removed 0 stale entries
[2026-01-16 20:35:05] Cleanup ran: removed 0 stale entries
[2026-01-16 20:35:15] Cleanup ran: removed 0 stale entries
[2026-01-16 20:35:25] Cleanup ran: removed 0 stale entries
[2026-01-16 20:35:35] Cleanup ran: removed 0 stale entries
[2026-01-16 20:35:45] Cleanup ran: removed 0 stale entries
[2026-01-16 20:35:55] Cleanup ran: removed 0 stale entries
[2026-01-16 20:36:05] Cleanup ran: removed 0 stale entries
[2026-01-16 20:36:15] Cleanup ran: removed 0 stale entries
[2026-01-16 20:36:25] Cleanup ran: removed 0 stale entries
[2026-01-16 20:36:35] Cleanup ran: removed 0 stale entries
[2026-01-16 20:36:45] Cleanup ran: removed 0 stale entries
[2026-01-16 20:36:55] Cleanup ran: removed 0 stale entries
[2026-01-16 20:37:05] Cleanup ran: removed 0 stale entries
[2026-01-16 20:37:15] Cleanup ran: removed 0 stale entries
[2026-01-16 20:37:25] Cleanup ran: removed 0 stale entries
[2026-01-16 20:37:35] Cleanup ran: removed 0 stale entries
[2026-01-16 20:37:45] Cleanup ran: removed 0 stale entries
[2026-01-16 20:37:55] Cleanup ran: removed 0 stale entries
[2026-01-16 20:38:05] Cleanup ran: removed 0 stale entries
[2026-01-16 20:38:15] Cleanup ran: removed 0 stale entries
[2026-01-16 20:38:25] Cleanup ran: removed 0 stale entries
[2026-01-16 20:38:35] Cleanup ran: removed 0 stale entries
[2026-01-16 20:38:45] Cleanup ran: removed 0 stale entries
[2026-01-16 20:38:55] Cleanup ran: removed 0 stale entries
[2026-01-16 20:39:05] Cleanup ran: removed 0 stale entries
[2026-01-16 20:39:15] Cleanup ran: removed 0 stale entries
[2026-01-16 20:39:25] Cleanup ran: removed 0 stale entries
[2026-01-16 20:39:35] Cleanup ran: removed 0 stale entries
[2026-01-16 20:39:45] Cleanup ran: removed 0 stale entries
[2026-01-16 20:39:55] Cleanup ran: removed 0 stale entries
[2026-01-16 20:40:05] Cleanup ran: removed 0 stale entries
[2026-01-16 20:40:15] Cleanup ran: removed 0 stale entries
[2026-01-16 20:40:25] Cleanup ran: removed 0 stale entries
[2026-01-16 20:40:35] Cleanup ran: removed 0 stale entries
[2026-01-16 20:40:45] Cleanup ran: removed 0 stale entries
[2026-01-16 20:40:55] Cleanup ran: removed 0 stale entries
[2026-01-16 20:41:05] Cleanup ran: removed 0 stale entries
[2026-01-16 20:41:15] Cleanup ran: removed 0 stale entries
[2026-01-16 20:41:25] Cleanup ran: removed 0 stale entries
[2026-01-16 20:41:35] Cleanup ran: removed 0 stale entries
[2026-01-16 20:41:45] Cleanup ran: removed 0 stale entries
[2026-01-16 20:41:55] Cleanup ran: removed 0 stale entries
[2026-01-16 20:42:05] Cleanup ran: removed 0 stale entries
[2026-01-16 20:42:15] Cleanup ran: removed 0 stale entries
[2026-01-16 20:42:25] Cleanup ran: removed 0 stale entries
[2026-01-16 20:42:35] Cleanup ran: removed 0 stale entries
[2026-01-16 20:42:45] Cleanup ran: removed 0 stale entries
[2026-01-16 20:42:55] Cleanup ran: removed 0 stale entries
[2026-01-16 20:43:05] Cleanup ran: removed 0 stale entries
[2026-01-16 20:43:15] Cleanup ran: removed 0 stale entries
[2026-01-16 20:43:25] Cleanup ran: removed 0 stale entries
[2026-01-16 20:43:35] Cleanup ran: removed 0 stale entries
[2026-01-16 20:43:45] Cleanup ran: removed 0 stale entries
[2026-01-16 20:43:55] Cleanup ran: removed 0 stale entries
[2026-01-16 20:44:05] Cleanup ran: removed 0 stale entries
[2026-01-16 20:44:15] Cleanup ran: removed 0 stale entries
[2026-01-16 20:44:25] Cleanup ran: removed 0 stale entries
[2026-01-16 20:44:35] Cleanup ran: removed 0 stale entries
[2026-01-16 20:44:45] Cleanup ran: removed 0 stale entries
[2026-01-16 20:44:55] Cleanup ran: removed 0 stale entries
[2026-01-16 20:45:05] Cleanup ran: removed 0 stale entries
[2026-01-16 20:45:15] Cleanup ran: removed 0 stale entries
[2026-01-16 20:45:25] Cleanup ran: removed 0 stale entries
[2026-01-16 20:45:35] Cleanup ran: removed 0 stale entries
[2026-01-16 20:45:45] Cleanup ran: removed 0 stale entries
[2026-01-16 20:45:55] Cleanup ran: removed 0 stale entries
[2026-01-16 20:46:05] Cleanup ran: removed 0 stale entries
[2026-01-16 20:46:15] Cleanup ran: removed 0 stale entries
[2026-01-16 20:46:25] Cleanup ran: removed 0 stale entries
[2026-01-16 20:46:35] Cleanup ran: removed 0 stale entries
[2026-01-16 20:46:45] Cleanup ran: removed 0 stale entries
[2026-01-16 20:46:55] Cleanup ran: removed 0 stale entries
[2026-01-16 20:47:05] Cleanup ran: removed 0 stale entries
[2026-01-16 20:47:15] Cleanup ran: removed 0 stale entries
[2026-01-16 20:47:25] Cleanup ran: removed 0 stale entries
[2026-01-16 20:47:35] Cleanup ran: removed 0 stale entries
[2026-01-16 20:47:45] Cleanup ran: removed 0 stale entries
[2026-01-16 20:47:55] Cleanup ran: removed 0 stale entries
[2026-01-16 20:48:05] Cleanup ran: removed 0 stale entries
[2026-01-16 20:48:15] Cleanup ran: removed 0 stale entries
[2026-01-16 20:48:25] Cleanup ran: removed 0 stale entries
[2026-01-16 20:48:35] Cleanup ran: removed 0 stale entries
[2026-01-16 20:48:45] Cleanup ran: removed 0 stale entries
[2026-01-16 20:48:55] Cleanup ran: removed 0 stale entries
[2026-01-16 20:49:05] Cleanup ran: removed 0 stale entries
[2026-01-16 20:49:15] Cleanup ran: removed 0 stale entries
[2026-01-16 20:49:25] Cleanup ran: removed 0 stale entries
[2026-01-16 20:49:35] Cleanup ran: removed 0 stale entries
[2026-01-16 20:49:45] Cleanup ran: removed 0 stale entries
[2026-01-16 20:49:55] Cleanup ran: removed 0 stale entries
[2026-01-16 20:50:05] Cleanup ran: removed 0 stale entries
[2026-01-16 20:50:15] Cleanup ran: removed 0 stale entries
[2026-01-16 20:50:25] Cleanup ran: removed 0 stale entries
[2026-01-16 20:50:35] Cleanup ran: removed 0 stale entries
[2026-01-16 20:50:45] Cleanup ran: removed 0 stale entries
[2026-01-16 20:50:55] Cleanup ran: removed 0 stale entries
[2026-01-16 20:51:05] Cleanup ran: removed 0 stale entries
[2026-01-16 20:51:15] Cleanup ran: removed 0 stale entries
[2026-01-16 20:51:25] Cleanup ran: removed 0 stale entries
[2026-01-16 20:51:35] Cleanup ran: removed 0 stale entries
[2026-01-16 20:51:45] Cleanup ran: removed 0 stale entries
[2026-01-16 20:51:55] Cleanup ran: removed 0 stale entries
[2026-01-16 20:52:05] Cleanup ran: removed 0 stale entries
[2026-01-16 20:52:15] Cleanup ran: removed 0 stale entries
[2026-01-16 20:52:25] Cleanup ran: removed 0 stale entries
[2026-01-16 20:52:35] Cleanup ran: removed 0 stale entries
[2026-01-16 20:52:45] Cleanup ran: removed 0 stale entries
[2026-01-16 20:52:55] Cleanup ran: removed 0 stale entries
[2026-01-16 20:53:05] Cleanup ran: removed 0 stale entries
[2026-01-16 20:53:15] Cleanup ran: removed 0 stale entries
[2026-01-16 20:53:25] Cleanup ran: removed 0 stale entries
[2026-01-16 20:53:35] Cleanup ran: removed 0 stale entries
[2026-01-16 20:53:45] Cleanup ran: removed 0 stale entries
[2026-01-16 20:53:55] Cleanup ran: removed 0 stale entries
[2026-01-16 20:54:05] Cleanup ran: removed 0 stale entries
[2026-01-16 20:54:15] Cleanup ran: removed 0 stale entries
[2026-01-16 20:54:25] Cleanup ran: removed 0 stale entries
[2026-01-16 20:54:35] Cleanup ran: removed 0 stale entries
[2026-01-16 20:54:45] Cleanup ran: removed 0 stale entries
[2026-01-16 20:54:55] Cleanup ran: removed 0 stale entries
[2026-01-16 20:55:05] Cleanup ran: removed 0 stale entries
[2026-01-16 20:55:15] Cleanup ran: removed 0 stale entries
[2026-01-16 20:55:25] Cleanup ran: removed 0 stale entries
[2026-01-16 20:55:35] Cleanup ran: removed 0 stale entries
[2026-01-16 20:55:45] Cleanup ran: removed 0 stale entries
[2026-01-16 20:55:55] Cleanup ran: removed 0 stale entries
[2026-01-16 20:56:05] Cleanup ran: removed 0 stale entries
[2026-01-16 20:56:15] Cleanup ran: removed 0 stale entries
[2026-01-16 20:56:25] Cleanup ran: removed 0 stale entries
[2026-01-16 20:56:35] Cleanup ran: removed 0 stale entries
[2026-01-16 20:56:45] Cleanup ran: removed 0 stale entries
[2026-01-16 20:56:55] Cleanup ran: removed 0 stale entries
[2026-01-16 20:57:05] Cleanup ran: removed 0 stale entries
[2026-01-16 20:57:15] Cleanup ran: removed 0 stale entries
[2026-01-16 20:57:25] Cleanup ran: removed 0 stale entries
[2026-01-16 20:57:35] Cleanup ran: removed 0 stale entries
[2026-01-16 20:57:45] Cleanup ran: removed 0 stale entries
[2026-01-16 20:57:55] Cleanup ran: removed 0 stale entries
[2026-01-16 20:58:05] Cleanup ran: removed 0 stale entries
[2026-01-16 20:58:15] Cleanup ran: removed 0 stale entries
[2026-01-16 20:58:25] Cleanup ran: removed 0 stale entries
[2026-01-16 20:58:35] Cleanup ran: removed 0 stale entries
[2026-01-16 20:58:45] Cleanup ran: removed 0 stale entries
[2026-01-16 20:58:55] Cleanup ran: removed 0 stale entries
[2026-01-16 20:59:05] Cleanup ran: removed 0 stale entries
[2026-01-16 20:59:15] Cleanup ran: removed 0 stale entries
[2026-01-16 20:59:25] Cleanup ran: removed 0 stale entries
[2026-01-16 20:59:35] Cleanup ran: removed 0 stale entries
[2026-01-16 20:59:45] Cleanup ran: removed 0 stale entries
[2026-01-16 20:59:55] Cleanup ran: removed 0 stale entries
[2026-01-16 21:00:05] Cleanup ran: removed 0 stale entries
[2026-01-16 21:00:15] Cleanup ran: removed 0 stale entries
[2026-01-16 21:00:25] Cleanup ran: removed 0 stale entries
[2026-01-16 21:00:35] Cleanup ran: removed 0 stale entries
[2026-01-16 21:00:45] Cleanup ran: removed 0 stale entries
[2026-01-16 21:00:55] Cleanup ran: removed 0 stale entries
[2026-01-16 21:01:05] Cleanup ran: removed 0 stale entries
[2026-01-16 21:01:15] Cleanup ran: removed 0 stale entries
[2026-01-16 21:01:25] Cleanup ran: removed 0 stale entries
[2026-01-16 21:01:35] Cleanup ran: removed 0 stale entries
[2026-01-16 21:01:45] Cleanup ran: removed 0 stale entries
[2026-01-16 21:01:55] Cleanup ran: removed 0 stale entries
[2026-01-16 21:02:05] Cleanup ran: removed 0 stale entries
[2026-01-16 21:02:15] Cleanup ran: removed 0 stale entries
[2026-01-16 21:02:25] Cleanup ran: removed 0 stale entries
[2026-01-16 21:02:35] Cleanup ran: removed 0 stale entries
[2026-01-16 21:02:45] Cleanup ran: removed 0 stale entries
[2026-01-16 21:02:55] Cleanup ran: removed 0 stale entries
[2026-01-16 21:03:05] Cleanup ran: removed 0 stale entries
[2026-01-16 21:03:15] Cleanup ran: removed 0 stale entries
[2026-01-16 21:03:25] Cleanup ran: removed 0 stale entries
[2026-01-16 21:03:35] Cleanup ran: removed 0 stale entries
[2026-01-16 21:03:45] Cleanup ran: removed 0 stale entries
[2026-01-16 21:03:55] Cleanup ran: removed 0 stale entries
[2026-01-16 21:04:05] Cleanup ran: removed 0 stale entries
[2026-01-16 21:04:15] Cleanup ran: removed 0 stale entries
[2026-01-16 21:04:25] Cleanup ran: removed 0 stale entries
[2026-01-16 21:04:35] Cleanup ran: removed 0 stale entries
[2026-01-16 21:04:45] Cleanup ran: removed 0 stale entries
[2026-01-16 21:04:55] Cleanup ran: removed 0 stale entries
[2026-01-16 21:05:05] Cleanup ran: removed 0 stale entries
[2026-01-16 21:05:15] Cleanup ran: removed 0 stale entries
[2026-01-16 21:05:25] Cleanup ran: removed 0 stale entries
[2026-01-16 21:05:35] Cleanup ran: removed 0 stale entries
[2026-01-16 21:05:45] Cleanup ran: removed 0 stale entries
[2026-01-16 21:05:55] Cleanup ran: removed 0 stale entries
[2026-01-16 21:06:05] Cleanup ran: removed 0 stale entries
[2026-01-16 21:06:15] Cleanup ran: removed 0 stale entries
[2026-01-16 21:06:25] Cleanup ran: removed 0 stale entries
[2026-01-16 21:06:35] Cleanup ran: removed 0 stale entries
[2026-01-16 21:06:45] Cleanup ran: removed 0 stale entries
[2026-01-16 21:06:55] Cleanup ran: removed 0 stale entries
[2026-01-16 21:07:05] Cleanup ran: removed 0 stale entries
[2026-01-16 21:07:15] Cleanup ran: removed 0 stale entries
[2026-01-16 21:07:25] Cleanup ran: removed 0 stale entries
[2026-01-16 21:07:35] Cleanup ran: removed 0 stale entries
[2026-01-16 21:07:45] Cleanup ran: removed 0 stale entries
[2026-01-16 21:07:55] Cleanup ran: removed 0 stale entries
[2026-01-16 21:08:05] Cleanup ran: removed 0 stale entries
[2026-01-16 21:08:15] Cleanup ran: removed 0 stale entries
[2026-01-16 21:08:25] Cleanup ran: removed 0 stale entries
[2026-01-16 21:08:35] Cleanup ran: removed 0 stale entries
[2026-01-16 21:08:45] Cleanup ran: removed 0 stale entries
[2026-01-16 21:08:55] Cleanup ran: removed 0 stale entries
[2026-01-16 21:09:05] Cleanup ran: removed 0 stale entries
[2026-01-16 21:09:15] Cleanup ran: removed 0 stale entries
[2026-01-16 21:09:25] Cleanup ran: removed 0 stale entries
[2026-01-16 21:09:35] Cleanup ran: removed 0 stale entries
[2026-01-16 21:09:45] Cleanup ran: removed 0 stale entries
[2026-01-16 21:09:55] Cleanup ran: removed 0 stale entries
[2026-01-16 21:10:05] Cleanup ran: removed 0 stale entries
[2026-01-16 21:10:15] Cleanup ran: removed 0 stale entries
[2026-01-16 21:10:25] Cleanup ran: removed 0 stale entries
[2026-01-16 21:10:35] Cleanup ran: removed 0 stale entries
[2026-01-16 21:10:45] Cleanup ran: removed 0 stale entries
[2026-01-16 21:10:55] Cleanup ran: removed 0 stale entries
[2026-01-16 21:11:05] Cleanup ran: removed 0 stale entries
[2026-01-16 21:11:15] Cleanup ran: removed 0 stale entries
[2026-01-16 21:11:25] Cleanup ran: removed 0 stale entries
[2026-01-16 21:11:35] Cleanup ran: removed 0 stale entries
[2026-01-16 21:11:45] Cleanup ran: removed 0 stale entries
[2026-01-16 21:11:55] Cleanup ran: removed 0 stale entries
[2026-01-16 21:12:05] Cleanup ran: removed 0 stale entries
[2026-01-16 21:12:15] Cleanup ran: removed 0 stale entries
[2026-01-16 21:12:25] Cleanup ran: removed 0 stale entries
[2026-01-16 21:12:35] Cleanup ran: removed 0 stale entries
[2026-01-16 21:12:45] Cleanup ran: removed 0 stale entries
[2026-01-16 21:12:55] Cleanup ran: removed 0 stale entries
[2026-01-16 21:13:05] Cleanup ran: removed 0 stale entries
[2026-01-16 21:13:15] Cleanup ran: removed 0 stale entries
[2026-01-16 21:13:25] Cleanup ran: removed 0 stale entries
[2026-01-16 21:13:35] Cleanup ran: removed 0 stale entries
[2026-01-16 21:13:45] Cleanup ran: removed 0 stale entries
[2026-01-16 21:13:55] Cleanup ran: removed 0 stale entries
[2026-01-16 21:14:05] Cleanup ran: removed 0 stale entries
[2026-01-16 21:14:15] Cleanup ran: removed 0 stale entries
[2026-01-16 21:14:25] Cleanup ran: removed 0 stale entries
[2026-01-16 21:14:35] Cleanup ran: removed 0 stale entries
[2026-01-16 21:14:45] Cleanup ran: removed 0 stale entries
[2026-01-16 21:14:55] Cleanup ran: removed 0 stale entries
[2026-01-16 21:15:05] Cleanup ran: removed 0 stale entries
[2026-01-16 21:15:15] Cleanup ran: removed 0 stale entries
[2026-01-16 21:15:25] Cleanup ran: removed 0 stale entries
[2026-01-16 21:15:35] Cleanup ran: removed 0 stale entries
[2026-01-16 21:15:45] Cleanup ran: removed 0 stale entries
[2026-01-16 21:15:55] Cleanup ran: removed 0 stale entries
[2026-01-16 21:16:05] Cleanup ran: removed 0 stale entries
[2026-01-16 21:16:15] Cleanup ran: removed 0 stale entries
[2026-01-16 21:16:25] Cleanup ran: removed 0 stale entries
[2026-01-16 21:16:35] Cleanup ran: removed 0 stale entries
[2026-01-16 21:16:45] Cleanup ran: removed 0 stale entries
[2026-01-16 21:16:55] Cleanup ran: removed 0 stale entries
[2026-01-16 21:17:05] Cleanup ran: removed 0 stale entries
[2026-01-16 21:17:15] Cleanup ran: removed 0 stale entries
[2026-01-16 21:17:25] Cleanup ran: removed 0 stale entries
[2026-01-16 21:17:35] Cleanup ran: removed 0 stale entries
[2026-01-16 21:17:45] Cleanup ran: removed 0 stale entries
[2026-01-16 21:17:55] Cleanup ran: removed 0 stale entries
[2026-01-16 21:18:05] Cleanup ran: removed 0 stale entries
[2026-01-16 21:18:15] Cleanup ran: removed 0 stale entries
[2026-01-16 21:18:25] Cleanup ran: removed 0 stale entries
[2026-01-16 21:18:35] Cleanup ran: removed 0 stale entries
[2026-01-16 21:18:45] Cleanup ran: removed 0 stale entries
[2026-01-16 21:18:55] Cleanup ran: removed 0 stale entries
[2026-01-16 21:19:05] Cleanup ran: removed 0 stale entries
[2026-01-16 21:19:15] Cleanup ran: removed 0 stale entries
[2026-01-16 21:19:25] Cleanup ran: removed 0 stale entries
[2026-01-16 21:19:35] Cleanup ran: removed 0 stale entries
[2026-01-16 21:19:45] Cleanup ran: removed 0 stale entries
[2026-01-16 21:19:55] Cleanup ran: removed 0 stale entries
[2026-01-16 21:20:05] Cleanup ran: removed 0 stale entries
[2026-01-16 21:20:15] Cleanup ran: removed 0 stale entries
[2026-01-16 21:20:25] Cleanup ran: removed 0 stale entries
[2026-01-16 21:20:35] Cleanup ran: removed 0 stale entries
[2026-01-16 21:20:45] Cleanup ran: removed 0 stale entries
[2026-01-16 21:20:55] Cleanup ran: removed 0 stale entries
[2026-01-16 21:21:05] Cleanup ran: removed 0 stale entries
[2026-01-16 21:21:15] Cleanup ran: removed 0 stale entries
[2026-01-16 21:21:25] Cleanup ran: removed 0 stale entries
[2026-01-16 21:21:35] Cleanup ran: removed 0 stale entries
[2026-01-16 21:21:45] Cleanup ran: removed 0 stale entries
[2026-01-16 21:21:55] Cleanup ran: removed 0 stale entries
[2026-01-16 21:22:05] Cleanup ran: removed 0 stale entries
[2026-01-16 21:22:15] Cleanup ran: removed 0 stale entries
[2026-01-16 21:22:25] Cleanup ran: removed 0 stale entries
[2026-01-16 21:22:35] Cleanup ran: removed 0 stale entries
[2026-01-16 21:22:45] Cleanup ran: removed 0 stale entries
[2026-01-16 21:22:55] Cleanup ran: removed 0 stale entries
[2026-01-16 21:23:05] Cleanup ran: removed 0 stale entries
[2026-01-16 21:23:15] Cleanup ran: removed 0 stale entries
[2026-01-16 21:23:25] Cleanup ran: removed 0 stale entries
[2026-01-16 21:23:35] Cleanup ran: removed 0 stale entries
[2026-01-16 21:23:45] Cleanup ran: removed 0 stale entries
[2026-01-16 21:23:55] Cleanup ran: removed 0 stale entries
[2026-01-16 21:24:05] Cleanup ran: removed 0 stale entries
[2026-01-16 21:24:15] Cleanup ran: removed 0 stale entries
[2026-01-16 21:24:25] Cleanup ran: removed 0 stale entries
[2026-01-16 21:24:35] Cleanup ran: removed 0 stale entries
[2026-01-16 21:24:45] Cleanup ran: removed 0 stale entries
[2026-01-16 21:24:55] Cleanup ran: removed 0 stale entries
[2026-01-16 21:25:05] Cleanup ran: removed 0 stale entries
[2026-01-16 21:25:15] Cleanup ran: removed 0 stale entries
[2026-01-16 21:25:25] Cleanup ran: removed 0 stale entries
[2026-01-16 21:25:35] Cleanup ran: removed 0 stale entries
[2026-01-16 21:25:45] Cleanup ran: removed 0 stale entries
[2026-01-16 21:25:55] Cleanup ran: removed 0 stale entries
[2026-01-16 21:26:05] Cleanup ran: removed 0 stale entries
[2026-01-16 21:26:15] Cleanup ran: removed 0 stale entries
[2026-01-16 21:26:25] Cleanup ran: removed 0 stale entries
[2026-01-16 21:26:35] Cleanup ran: removed 0 stale entries
[2026-01-16 21:26:45] Cleanup ran: removed 0 stale entries
[2026-01-16 21:26:55] Cleanup ran: removed 0 stale entries
[2026-01-16 21:27:05] Cleanup ran: removed 0 stale entries
[2026-01-16 21:27:15] Cleanup ran: removed 0 stale entries
[2026-01-16 21:27:25] Cleanup ran: removed 0 stale entries
[2026-01-16 21:27:35] Cleanup ran: removed 0 stale entries
[2026-01-16 21:27:45] Cleanup ran: removed 0 stale entries
[2026-01-16 21:27:55] Cleanup ran: removed 0 stale entries
[2026-01-16 21:28:05] Cleanup ran: removed 0 stale entries
[2026-01-16 21:28:15] Cleanup ran: removed 0 stale entries
[2026-01-16 21:28:25] Cleanup ran: removed 0 stale entries
[2026-01-16 21:28:35] Cleanup ran: removed 0 stale entries
[2026-01-16 21:28:45] Cleanup ran: removed 0 stale entries
[2026-01-16 21:28:55] Cleanup ran: removed 0 stale entries
[2026-01-16 21:29:05] Cleanup ran: removed 0 stale entries
[2026-01-16 21:29:15] Cleanup ran: removed 0 stale entries
[2026-01-16 21:29:25] Cleanup ran: removed 0 stale entries
[2026-01-16 21:29:35] Cleanup ran: removed 0 stale entries
[2026-01-16 21:29:45] Cleanup ran: removed 0 stale entries
[2026-01-16 21:29:55] Cleanup ran: removed 0 stale entries
[2026-01-16 21:30:05] Cleanup ran: removed 0 stale entries
[2026-01-16 21:30:15] Cleanup ran: removed 0 stale entries
[2026-01-16 21:30:25] Cleanup ran: removed 0 stale entries
[2026-01-16 21:30:35] Cleanup ran: removed 0 stale entries
[2026-01-16 21:30:45] Cleanup ran: removed 0 stale entries
[2026-01-16 21:30:55] Cleanup ran: removed 0 stale entries
[2026-01-16 21:31:05] Cleanup ran: removed 0 stale entries
[2026-01-16 21:31:15] Cleanup ran: removed 0 stale entries
[2026-01-16 21:31:25] Cleanup ran: removed 0 stale entries
[2026-01-16 21:31:35] Cleanup ran: removed 0 stale entries
[2026-01-16 21:31:45] Cleanup ran: removed 0 stale entries
[2026-01-16 21:31:55] Cleanup ran: removed 0 stale entries
[2026-01-16 21:32:05] Cleanup ran: removed 0 stale entries
[2026-01-16 21:32:15] Cleanup ran: removed 0 stale entries
[2026-01-16 21:32:25] Cleanup ran: removed 0 stale entries
[2026-01-16 21:32:35] Cleanup ran: removed 0 stale entries
[2026-01-16 21:32:45] Cleanup ran: removed 0 stale entries
[2026-01-16 21:32:55] Cleanup ran: removed 0 stale entries
[2026-01-16 21:33:05] Cleanup ran: removed 0 stale entries
[2026-01-16 21:33:15] Cleanup ran: removed 0 stale entries
[2026-01-16 21:33:25] Cleanup ran: removed 0 stale entries
[2026-01-16 21:33:35] Cleanup ran: removed 0 stale entries
[2026-01-16 21:33:45] Cleanup ran: removed 0 stale entries
[2026-01-16 21:33:55] Cleanup ran: removed 0 stale entries
[2026-01-16 21:34:05] Cleanup ran: removed 0 stale entries
[2026-01-16 21:34:15] Cleanup ran: removed 0 stale entries
[2026-01-16 21:34:25] Cleanup ran: removed 0 stale entries
[2026-01-16 21:34:35] Cleanup ran: removed 0 stale entries
[2026-01-16 21:34:45] Cleanup ran: removed 0 stale entries
[2026-01-16 21:34:55] Cleanup ran: removed 0 stale entries
[2026-01-16 21:35:05] Cleanup ran: removed 0 stale entries
[2026-01-16 21:35:15] Cleanup ran: removed 0 stale entries
[2026-01-16 21:35:25] Cleanup ran: removed 0 stale entries
[2026-01-16 21:35:35] Cleanup ran: removed 0 stale entries
[2026-01-16 21:35:45] Cleanup ran: removed 0 stale entries
[2026-01-16 21:35:55] Cleanup ran: removed 0 stale entries
[2026-01-16 21:36:05] Cleanup ran: removed 0 stale entries
[2026-01-16 21:36:15] Cleanup ran: removed 0 stale entries
[2026-01-16 21:36:25] Cleanup ran: removed 0 stale entries
[2026-01-16 21:36:35] Cleanup ran: removed 0 stale entries
[2026-01-16 21:36:45] Cleanup ran: removed 0 stale entries
[2026-01-16 21:36:55] Cleanup ran: removed 0 stale entries
[2026-01-16 21:37:05] Cleanup ran: removed 0 stale entries
[2026-01-16 21:37:15] Cleanup ran: removed 0 stale entries
[2026-01-16 21:37:25] Cleanup ran: removed 0 stale entries
[2026-01-16 21:37:35] Cleanup ran: removed 0 stale entries
[2026-01-16 21:37:45] Cleanup ran: removed 0 stale entries
[2026-01-16 21:37:55] Cleanup ran: removed 0 stale entries
[2026-01-16 21:38:05] Cleanup ran: removed 0 stale entries
[2026-01-16 21:38:15] Cleanup ran: removed 0 stale entries
[2026-01-16 21:38:25] Cleanup ran: removed 0 stale entries
[2026-01-16 21:38:35] Cleanup ran: removed 0 stale entries
[2026-01-16 21:38:45] Cleanup ran: removed 0 stale entries
[2026-01-16 21:38:55] Cleanup ran: removed 0 stale entries
[2026-01-16 21:39:05] Cleanup ran: removed 0 stale entries
[2026-01-16 21:39:15] Cleanup ran: removed 0 stale entries
[2026-01-16 21:39:25] Cleanup ran: removed 0 stale entries
[2026-01-16 21:39:35] Cleanup ran: removed 0 stale entries
[2026-01-16 21:39:45] Cleanup ran: removed 0 stale entries
[2026-01-16 21:39:55] Cleanup ran: removed 0 stale entries
[2026-01-16 21:40:05] Cleanup ran: removed 0 stale entries
[2026-01-16 21:40:15] Cleanup ran: removed 0 stale entries
[2026-01-16 21:40:25] Cleanup ran: removed 0 stale entries
[2026-01-16 21:40:35] Cleanup ran: removed 0 stale entries
[2026-01-16 21:40:45] Cleanup ran: removed 0 stale entries
[2026-01-16 21:40:55] Cleanup ran: removed 0 stale entries
[2026-01-16 21:41:05] Cleanup ran: removed 0 stale entries
[2026-01-16 21:41:15] Cleanup ran: removed 0 stale entries
[2026-01-16 21:41:25] Cleanup ran: removed 0 stale entries
[2026-01-16 21:41:35] Cleanup ran: removed 0 stale entries
[2026-01-16 21:41:45] Cleanup ran: removed 0 stale entries
[2026-01-16 21:41:55] Cleanup ran: removed 0 stale entries
[2026-01-16 21:42:05] Cleanup ran: removed 0 stale entries
[2026-01-16 21:42:15] Cleanup ran: removed 0 stale entries
[2026-01-16 21:42:25] Cleanup ran: removed 0 stale entries
[2026-01-16 21:42:35] Cleanup ran: removed 0 stale entries
[2026-01-16 21:42:45] Cleanup ran: removed 0 stale entries
[2026-01-16 21:42:55] Cleanup ran: removed 0 stale entries
[2026-01-16 21:43:05] Cleanup ran: removed 0 stale entries
[2026-01-16 21:43:15] Cleanup ran: removed 0 stale entries
[2026-01-16 21:43:25] Cleanup ran: removed 0 stale entries
[2026-01-16 21:43:35] Cleanup ran: removed 0 stale entries
[2026-01-16 21:43:45] Cleanup ran: removed 0 stale entries
[2026-01-16 21:43:55] Cleanup ran: removed 0 stale entries
[2026-01-16 21:44:05] Cleanup ran: removed 0 stale entries
[2026-01-16 21:44:15] Cleanup ran: removed 0 stale entries
[2026-01-16 21:44:25] Cleanup ran: removed 0 stale entries
[2026-01-16 21:44:35] Cleanup ran: removed 0 stale entries
[2026-01-16 21:44:45] Cleanup ran: removed 0 stale entries
[2026-01-16 21:44:55] Cleanup ran: removed 0 stale entries
[2026-01-16 21:45:05] Cleanup ran: removed 0 stale entries
[2026-01-16 21:45:15] Cleanup ran: removed 0 stale entries
[2026-01-16 21:45:25] Cleanup ran: removed 0 stale entries
[2026-01-16 21:45:35] Cleanup ran: removed 0 stale entries
[2026-01-16 21:45:45] Cleanup ran: removed 0 stale entries
[2026-01-16 21:45:55] Cleanup ran: removed 0 stale entries
[2026-01-16 21:46:05] Cleanup ran: removed 0 stale entries
[2026-01-16 21:46:15] Cleanup ran: removed 0 stale entries
[2026-01-16 21:46:25] Cleanup ran: removed 0 stale entries
[2026-01-16 21:46:35] Cleanup ran: removed 0 stale entries
[2026-01-16 21:46:45] Cleanup ran: removed 0 stale entries
[2026-01-16 21:46:55] Cleanup ran: removed 0 stale entries
[2026-01-16 21:47:05] Cleanup ran: removed 0 stale entries
[2026-01-16 21:47:15] Cleanup ran: removed 0 stale entries
[2026-01-16 21:47:25] Cleanup ran: removed 0 stale entries
[2026-01-16 21:47:35] Cleanup ran: removed 0 stale entries
[2026-01-16 21:47:45] Cleanup ran: removed 0 stale entries
[2026-01-16 21:47:55] Cleanup ran: removed 0 stale entries
[2026-01-16 21:48:05] Cleanup ran: removed 0 stale entries
[2026-01-16 21:48:15] Cleanup ran: removed 0 stale entries
[2026-01-16 21:48:25] Cleanup ran: removed 0 stale entries
[2026-01-16 21:48:35] Cleanup ran: removed 0 stale entries
[2026-01-16 21:48:45] Cleanup ran: removed 0 stale entries
[2026-01-16 21:48:55] Cleanup ran: removed 0 stale entries
[2026-01-16 21:49:05] Cleanup ran: removed 0 stale entries
[2026-01-16 21:49:15] Cleanup ran: removed 0 stale entries
[2026-01-16 21:49:25] Cleanup ran: removed 0 stale entries
[2026-01-16 21:49:35] Cleanup ran: removed 0 stale entries
[2026-01-16 21:49:45] Cleanup ran: removed 0 stale entries
[2026-01-16 21:49:55] Cleanup ran: removed 0 stale entries
[2026-01-16 21:50:05] Cleanup ran: removed 0 stale entries
[2026-01-16 21:50:15] Cleanup ran: removed 0 stale entries
[2026-01-16 21:50:25] Cleanup ran: removed 0 stale entries
[2026-01-16 21:50:35] Cleanup ran: removed 0 stale entries
[2026-01-16 21:50:45] Cleanup ran: removed 0 stale entries
[2026-01-16 21:50:55] Cleanup ran: removed 0 stale entries
[2026-01-16 21:51:05] Cleanup ran: removed 0 stale entries
[2026-01-16 21:51:15] Cleanup ran: removed 0 stale entries
[2026-01-16 21:51:25] Cleanup ran: removed 0 stale entries
[2026-01-16 21:51:35] Cleanup ran: removed 0 stale entries
[2026-01-16 21:51:45] Cleanup ran: removed 0 stale entries
[2026-01-16 21:51:55] Cleanup ran: removed 0 stale entries
[2026-01-16 21:52:05] Cleanup ran: removed 0 stale entries
[2026-01-16 21:52:15] Cleanup ran: removed 0 stale entries
[2026-01-16 21:52:25] Cleanup ran: removed 0 stale entries
[2026-01-16 21:52:35] Cleanup ran: removed 0 stale entries
[2026-01-16 21:52:45] Cleanup ran: removed 0 stale entries
[2026-01-16 21:52:55] Cleanup ran: removed 0 stale entries
[2026-01-16 21:53:05] Cleanup ran: removed 0 stale entries
[2026-01-16 21:53:15] Cleanup ran: removed 0 stale entries
[2026-01-16 21:53:25] Cleanup ran: removed 0 stale entries
[2026-01-16 21:53:35] Cleanup ran: removed 0 stale entries
[2026-01-16 21:53:45] Cleanup ran: removed 0 stale entries
[2026-01-16 21:53:55] Cleanup ran: removed 0 stale entries
[2026-01-16 21:54:05] Cleanup ran: removed 0 stale entries
[2026-01-16 21:54:15] Cleanup ran: removed 0 stale entries
[2026-01-16 21:54:25] Cleanup ran: removed 0 stale entries
[2026-01-16 21:54:35] Cleanup ran: removed 0 stale entries
[2026-01-16 21:54:45] Cleanup ran: removed 0 stale entries
[2026-01-16 21:54:55] Cleanup ran: removed 0 stale entries
[2026-01-16 21:55:05] Cleanup ran: removed 0 stale entries
[2026-01-16 21:55:15] Cleanup ran: removed 0 stale entries
[2026-01-16 21:55:25] Cleanup ran: removed 0 stale entries
[2026-01-16 21:55:35] Cleanup ran: removed 0 stale entries
[2026-01-16 21:55:45] Cleanup ran: removed 0 stale entries
[2026-01-16 21:55:55] Cleanup ran: removed 0 stale entries
[2026-01-16 21:56:05] Cleanup ran: removed 0 stale entries
[2026-01-16 21:56:15] Cleanup ran: removed 0 stale entries
[2026-01-16 21:56:25] Cleanup ran: removed 0 stale entries
[2026-01-16 21:56:35] Cleanup ran: removed 0 stale entries
[2026-01-16 21:56:45] Cleanup ran: removed 0 stale entries
[2026-01-16 21:56:55] Cleanup ran: removed 0 stale entries
[2026-01-16 21:57:05] Cleanup ran: removed 0 stale entries
[2026-01-16 21:57:15] Cleanup ran: removed 0 stale entries
[2026-01-16 21:57:25] Cleanup ran: removed 0 stale entries
[2026-01-16 21:57:35] Cleanup ran: removed 0 stale entries
[2026-01-16 21:57:45] Cleanup ran: removed 0 stale entries
[2026-01-16 21:57:55] Cleanup ran: removed 0 stale entries
[2026-01-16 21:58:05] Cleanup ran: removed 0 stale entries
[2026-01-16 21:58:15] Cleanup ran: removed 0 stale entries
[2026-01-16 21:58:25] Cleanup ran: removed 0 stale entries
[2026-01-16 21:58:35] Cleanup ran: removed 0 stale entries
[2026-01-16 21:58:45] Cleanup ran: removed 0 stale entries
[2026-01-16 21:58:55] Cleanup ran: removed 0 stale entries
[2026-01-16 21:59:05] Cleanup ran: removed 0 stale entries
[2026-01-16 21:59:15] Cleanup ran: removed 0 stale entries
[2026-01-16 21:59:25] Cleanup ran: removed 0 stale entries
[2026-01-16 21:59:35] Cleanup ran: removed 0 stale entries
[2026-01-16 21:59:45] Cleanup ran: removed 0 stale entries
[2026-01-16 21:59:55] Cleanup ran: removed 0 stale entries
[2026-01-16 22:00:05] Cleanup ran: removed 0 stale entries
[2026-01-16 22:00:15] Cleanup ran: removed 0 stale entries
[2026-01-16 22:00:25] Cleanup ran: removed 0 stale entries
[2026-01-16 22:00:35] Cleanup ran: removed 0 stale entries
[2026-01-16 22:00:45] Cleanup ran: removed 0 stale entries
[2026-01-16 22:00:55] Cleanup ran: removed 0 stale entries
[2026-01-16 22:01:05] Cleanup ran: removed 0 stale entries
[2026-01-16 22:01:15] Cleanup ran: removed 0 stale entries
[2026-01-16 22:01:25] Cleanup ran: removed 0 stale entries
[2026-01-16 22:01:35] Cleanup ran: removed 0 stale entries
[2026-01-16 22:01:45] Cleanup ran: removed 0 stale entries
[2026-01-16 22:01:55] Cleanup ran: removed 0 stale entries
[2026-01-16 22:02:05] Cleanup ran: removed 0 stale entries
[2026-01-16 22:02:15] Cleanup ran: removed 0 stale entries
[2026-01-16 22:02:25] Cleanup ran: removed 0 stale entries
[2026-01-16 22:02:35] Cleanup ran: removed 0 stale entries
[2026-01-16 22:02:45] Cleanup ran: removed 0 stale entries
[2026-01-16 22:02:55] Cleanup ran: removed 0 stale entries
[2026-01-16 22:03:05] Cleanup ran: removed 0 stale entries
[2026-01-16 22:03:15] Cleanup ran: removed 0 stale entries
[2026-01-16 22:03:25] Cleanup ran: removed 0 stale entries
[2026-01-16 22:03:35] Cleanup ran: removed 0 stale entries
[2026-01-16 22:03:45] Cleanup ran: removed 0 stale entries
[2026-01-16 22:03:55] Cleanup ran: removed 0 stale entries
[2026-01-16 22:04:05] Cleanup ran: removed 0 stale entries
[2026-01-16 22:04:15] Cleanup ran: removed 0 stale entries
[2026-01-16 22:04:25] Cleanup ran: removed 0 stale entries
[2026-01-16 22:04:35] Cleanup ran: removed 0 stale entries
[2026-01-16 22:04:45] Cleanup ran: removed 0 stale entries
[2026-01-16 22:04:55] Cleanup ran: removed 0 stale entries
[2026-01-16 22:05:05] Cleanup ran: removed 0 stale entries
[2026-01-16 22:05:15] Cleanup ran: removed 0 stale entries
[2026-01-16 22:05:25] Cleanup ran: removed 0 stale entries
[2026-01-16 22:05:35] Cleanup ran: removed 0 stale entries
[2026-01-16 22:05:45] Cleanup ran: removed 0 stale entries
[2026-01-16 22:05:55] Cleanup ran: removed 0 stale entries
[2026-01-16 22:06:05] Cleanup ran: removed 0 stale entries
[2026-01-16 22:06:15] Cleanup ran: removed 0 stale entries
[2026-01-16 22:06:25] Cleanup ran: removed 0 stale entries
[2026-01-16 22:06:35] Cleanup ran: removed 0 stale entries
[2026-01-16 22:06:45] Cleanup ran: removed 0 stale entries
[2026-01-16 22:06:55] Cleanup ran: removed 0 stale entries
[2026-01-16 22:07:05] Cleanup ran: removed 0 stale entries
[2026-01-16 22:07:15] Cleanup ran: removed 0 stale entries
[2026-01-16 22:07:25] Cleanup ran: removed 0 stale entries
[2026-01-16 22:07:35] Cleanup ran: removed 0 stale entries
[2026-01-16 22:07:45] Cleanup ran: removed 0 stale entries
[2026-01-16 22:07:55] Cleanup ran: removed 0 stale entries
[2026-01-16 22:08:05] Cleanup ran: removed 0 stale entries
[2026-01-16 22:08:15] Cleanup ran: removed 0 stale entries
[2026-01-16 22:08:25] Cleanup ran: removed 0 stale entries
[2026-01-16 22:08:35] Cleanup ran: removed 0 stale entries
[2026-01-16 22:08:45] Cleanup ran: removed 0 stale entries
[2026-01-16 22:08:55] Cleanup ran: removed 0 stale entries
[2026-01-16 22:09:05] Cleanup ran: removed 0 stale entries
[2026-01-16 22:09:15] Cleanup ran: removed 0 stale entries
[2026-01-16 22:09:25] Cleanup ran: removed 0 stale entries
[2026-01-16 22:09:35] Cleanup ran: removed 0 stale entries
[2026-01-16 22:09:45] Cleanup ran: removed 0 stale entries
[2026-01-16 22:09:55] Cleanup ran: removed 0 stale entries
[2026-01-16 22:10:05] Cleanup ran: removed 0 stale entries
[2026-01-16 22:10:15] Cleanup ran: removed 0 stale entries
[2026-01-16 22:10:25] Cleanup ran: removed 0 stale entries
[2026-01-16 22:10:35] Cleanup ran: removed 0 stale entries
[2026-01-16 22:10:45] Cleanup ran: removed 0 stale entries
[2026-01-16 22:10:55] Cleanup ran: removed 0 stale entries
[2026-01-16 22:11:05] Cleanup ran: removed 0 stale entries
[2026-01-16 22:11:15] Cleanup ran: removed 0 stale entries
[2026-01-16 22:11:25] Cleanup ran: removed 0 stale entries
[2026-01-16 22:11:35] Cleanup ran: removed 0 stale entries
[2026-01-16 22:11:45] Cleanup ran: removed 0 stale entries
[2026-01-16 22:11:55] Cleanup ran: removed 0 stale entries
[2026-01-16 22:12:05] Cleanup ran: removed 0 stale entries
[2026-01-16 22:12:15] Cleanup ran: removed 0 stale entries
[2026-01-16 22:12:25] Cleanup ran: removed 0 stale entries
[2026-01-16 22:12:35] Cleanup ran: removed 0 stale entries
[2026-01-16 22:12:45] Cleanup ran: removed 0 stale entries
[2026-01-16 22:12:55] Cleanup ran: removed 0 stale entries
[2026-01-16 22:13:05] Cleanup ran: removed 0 stale entries
[2026-01-16 22:13:15] Cleanup ran: removed 0 stale entries
[2026-01-16 22:13:25] Cleanup ran: removed 0 stale entries
[2026-01-16 22:13:35] Cleanup ran: removed 0 stale entries
[2026-01-16 22:13:45] Cleanup ran: removed 0 stale entries
[2026-01-16 22:13:55] Cleanup ran: removed 0 stale entries
[2026-01-16 22:14:05] Cleanup ran: removed 0 stale entries
[2026-01-16 22:14:15] Cleanup ran: removed 0 stale entries
[2026-01-16 22:14:25] Cleanup ran: removed 0 stale entries
[2026-01-16 22:14:35] Cleanup ran: removed 0 stale entries
[2026-01-16 22:14:45] Cleanup ran: removed 0 stale entries
[2026-01-16 22:14:55] Cleanup ran: removed 0 stale entries
[2026-01-16 22:15:05] Cleanup ran: removed 0 stale entries
[2026-01-16 22:15:15] Cleanup ran: removed 0 stale entries
[2026-01-16 22:15:25] Cleanup ran: removed 0 stale entries
[2026-01-16 22:15:35] Cleanup ran: removed 0 stale entries
[2026-01-16 22:15:45] Cleanup ran: removed 0 stale entries
[2026-01-16 22:15:55] Cleanup ran: removed 0 stale entries
[2026-01-16 22:16:05] Cleanup ran: removed 0 stale entries
[2026-01-16 22:16:15] Cleanup ran: removed 0 stale entries
[2026-01-16 22:16:25] Cleanup ran: removed 0 stale entries
[2026-01-16 22:16:35] Cleanup ran: removed 0 stale entries
[2026-01-16 22:16:45] Cleanup ran: removed 0 stale entries
[2026-01-16 22:16:55] Cleanup ran: removed 0 stale entries
[2026-01-16 22:17:05] Cleanup ran: removed 0 stale entries
[2026-01-16 22:17:15] Cleanup ran: removed 0 stale entries
[2026-01-16 22:17:25] Cleanup ran: removed 0 stale entries
[2026-01-16 22:17:35] Cleanup ran: removed 0 stale entries
[2026-01-16 22:17:45] Cleanup ran: removed 0 stale entries
[2026-01-16 22:17:55] Cleanup ran: removed 0 stale entries
[2026-01-16 22:18:05] Cleanup ran: removed 0 stale entries
[2026-01-16 22:18:15] Cleanup ran: removed 0 stale entries
[2026-01-16 22:18:25] Cleanup ran: removed 0 stale entries
[2026-01-16 22:18:35] Cleanup ran: removed 0 stale entries
[2026-01-16 22:18:45] Cleanup ran: removed 0 stale entries
[2026-01-16 22:18:55] Cleanup ran: removed 0 stale entries
[2026-01-16 22:19:05] Cleanup ran: removed 0 stale entries
[2026-01-16 22:19:15] Cleanup ran: removed 0 stale entries
[2026-01-16 22:19:25] Cleanup ran: removed 0 stale entries
[2026-01-16 22:19:35] Cleanup ran: removed 0 stale entries
[2026-01-16 22:19:45] Cleanup ran: removed 0 stale entries
[2026-01-16 22:19:55] Cleanup ran: removed 0 stale entries
[2026-01-16 22:20:05] Cleanup ran: removed 0 stale entries
[2026-01-16 22:20:15] Cleanup ran: removed 0 stale entries
[2026-01-16 22:20:25] Cleanup ran: removed 0 stale entries
[2026-01-16 22:20:35] Cleanup ran: removed 0 stale entries
[2026-01-16 22:20:45] Cleanup ran: removed 0 stale entries
[2026-01-16 22:20:55] Cleanup ran: removed 0 stale entries
[2026-01-16 22:21:05] Cleanup ran: removed 0 stale entries
[2026-01-16 22:21:15] Cleanup ran: removed 0 stale entries
[2026-01-16 22:21:25] Cleanup ran: removed 0 stale entries
[2026-01-16 22:21:35] Cleanup ran: removed 0 stale entries
[2026-01-16 22:21:45] Cleanup ran: removed 0 stale entries
[2026-01-16 22:21:55] Cleanup ran: removed 0 stale entries
[2026-01-16 22:22:05] Cleanup ran: removed 0 stale entries
[2026-01-16 22:22:15] Cleanup ran: removed 0 stale entries
[2026-01-16 22:22:25] Cleanup ran: removed 0 stale entries
[2026-01-16 22:22:35] Cleanup ran: removed 0 stale entries
[2026-01-16 22:22:45] Cleanup ran: removed 0 stale entries
[2026-01-16 22:22:55] Cleanup ran: removed 0 stale entries
[2026-01-16 22:23:05] Cleanup ran: removed 0 stale entries
[2026-01-16 22:23:15] Cleanup ran: removed 0 stale entries
[2026-01-16 22:23:25] Cleanup ran: removed 0 stale entries
[2026-01-16 22:23:35] Cleanup ran: removed 0 stale entries
[2026-01-16 22:23:45] Cleanup ran: removed 0 stale entries
[2026-01-16 22:23:55] Cleanup ran: removed 0 stale entries
[2026-01-16 22:24:05] Cleanup ran: removed 0 stale entries
[2026-01-16 22:24:15] Cleanup ran: removed 0 stale entries
[2026-01-16 22:24:25] Cleanup ran: removed 0 stale entries
[2026-01-16 22:24:35] Cleanup ran: removed 0 stale entries
[2026-01-16 22:24:45] Cleanup ran: removed 0 stale entries
[2026-01-16 22:24:55] Cleanup ran: removed 0 stale entries
[2026-01-16 22:25:05] Cleanup ran: removed 0 stale entries
[2026-01-16 22:25:15] Cleanup ran: removed 0 stale entries
[2026-01-16 22:25:25] Cleanup ran: removed 0 stale entries
[2026-01-16 22:25:35] Cleanup ran: removed 0 stale entries
[2026-01-16 22:25:45] Cleanup ran: removed 0 stale entries
[2026-01-16 22:25:55] Cleanup ran: removed 0 stale entries
[2026-01-16 22:26:05] Cleanup ran: removed 0 stale entries
[2026-01-16 22:26:15] Cleanup ran: removed 0 stale entries
[2026-01-16 22:26:25] Cleanup ran: removed 0 stale entries
[2026-01-16 22:26:35] Cleanup ran: removed 0 stale entries
[2026-01-16 22:26:45] Cleanup ran: removed 0 stale entries
[2026-01-16 22:26:55] Cleanup ran: removed 0 stale entries
[2026-01-16 22:27:05] Cleanup ran: removed 0 stale entries
[2026-01-16 22:27:15] Cleanup ran: removed 0 stale entries
[2026-01-16 22:27:25] Cleanup ran: removed 0 stale entries
[2026-01-16 22:27:35] Cleanup ran: removed 0 stale entries
[2026-01-16 22:27:45] Cleanup ran: removed 0 stale entries
[2026-01-16 22:27:55] Cleanup ran: removed 0 stale entries
[2026-01-16 22:28:05] Cleanup ran: removed 0 stale entries
[2026-01-16 22:28:15] Cleanup ran: removed 0 stale entries
[2026-01-16 22:28:25] Cleanup ran: removed 0 stale entries
[2026-01-16 22:28:35] Cleanup ran: removed 0 stale entries
[2026-01-16 22:28:45] Cleanup ran: removed 0 stale entries
[2026-01-16 22:28:55] Cleanup ran: removed 0 stale entries
[2026-01-16 22:29:05] Cleanup ran: removed 0 stale entries
[2026-01-16 22:29:15] Cleanup ran: removed 0 stale entries
[2026-01-16 22:29:25] Cleanup ran: removed 0 stale entries
[2026-01-16 22:29:35] Cleanup ran: removed 0 stale entries
[2026-01-16 22:29:45] Cleanup ran: removed 0 stale entries
[2026-01-16 22:29:55] Cleanup ran: removed 0 stale entries
[2026-01-16 22:30:05] Cleanup ran: removed 0 stale entries
[2026-01-16 22:30:15] Cleanup ran: removed 0 stale entries
[2026-01-16 22:30:25] Cleanup ran: removed 0 stale entries
[2026-01-16 22:30:35] Cleanup ran: removed 0 stale entries
[2026-01-16 22:30:45] Cleanup ran: removed 0 stale entries
[2026-01-16 22:30:55] Cleanup ran: removed 0 stale entries
[2026-01-16 22:31:05] Cleanup ran: removed 0 stale entries
[2026-01-16 22:31:15] Cleanup ran: removed 0 stale entries
[2026-01-16 22:31:25] Cleanup ran: removed 0 stale entries
[2026-01-16 22:31:35] Cleanup ran: removed 0 stale entries
[2026-01-16 22:31:45] Cleanup ran: removed 0 stale entries
[2026-01-16 22:31:55] Cleanup ran: removed 0 stale entries
[2026-01-16 22:32:05] Cleanup ran: removed 0 stale entries
[2026-01-16 22:32:15] Cleanup ran: removed 0 stale entries
[2026-01-16 22:32:25] Cleanup ran: removed 0 stale entries
[2026-01-16 22:32:35] Cleanup ran: removed 0 stale entries
[2026-01-16 22:32:45] Cleanup ran: removed 0 stale entries
[2026-01-16 22:32:55] Cleanup ran: removed 0 stale entries
[2026-01-16 22:33:05] Cleanup ran: removed 0 stale entries
[2026-01-16 22:33:15] Cleanup ran: removed 0 stale entries
[2026-01-16 22:33:25] Cleanup ran: removed 0 stale entries
[2026-01-16 22:33:35] Cleanup ran: removed 0 stale entries
[2026-01-16 22:33:45] Cleanup ran: removed 0 stale entries
[2026-01-16 22:33:55] Cleanup ran: removed 0 stale entries
[2026-01-16 22:34:05] Cleanup ran: removed 0 stale entries
[2026-01-16 22:34:15] Cleanup ran: removed 0 stale entries
[2026-01-16 22:34:25] Cleanup ran: removed 0 stale entries
[2026-01-16 22:34:35] Cleanup ran: removed 0 stale entries
[2026-01-16 22:34:45] Cleanup ran: removed 0 stale entries
[2026-01-16 22:34:55] Cleanup ran: removed 0 stale entries
[2026-01-16 22:35:05] Cleanup ran: removed 0 stale entries
[2026-01-16 22:35:15] Cleanup ran: removed 0 stale entries
[2026-01-16 22:35:25] Cleanup ran: removed 0 stale entries
[2026-01-16 22:35:35] Cleanup ran: removed 0 stale entries
[2026-01-16 22:35:45] Cleanup ran: removed 0 stale entries
[2026-01-16 22:35:55] Cleanup ran: removed 0 stale entries
[2026-01-16 22:36:05] Cleanup ran: removed 0 stale entries
[2026-01-16 22:36:15] Cleanup ran: removed 0 stale entries
[2026-01-16 22:36:25] Cleanup ran: removed 0 stale entries
[2026-01-16 22:36:35] Cleanup ran: removed 0 stale entries
[2026-01-16 22:36:45] Cleanup ran: removed 0 stale entries
[2026-01-16 22:36:55] Cleanup ran: removed 0 stale entries
[2026-01-16 22:37:05] Cleanup ran: removed 0 stale entries
[2026-01-16 22:37:15] Cleanup ran: removed 0 stale entries
[2026-01-16 22:37:25] Cleanup ran: removed 0 stale entries
[2026-01-16 22:37:35] Cleanup ran: removed 0 stale entries
[2026-01-16 22:37:45] Cleanup ran: removed 0 stale entries
[2026-01-16 22:37:55] Cleanup ran: removed 0 stale entries
[2026-01-16 22:38:05] Cleanup ran: removed 0 stale entries
[2026-01-16 22:38:15] Cleanup ran: removed 0 stale entries
[2026-01-16 22:38:25] Cleanup ran: removed 0 stale entries
[2026-01-16 22:38:35] Cleanup ran: removed 0 stale entries
[2026-01-16 22:38:45] Cleanup ran: removed 0 stale entries
[2026-01-16 22:38:55] Cleanup ran: removed 0 stale entries
[2026-01-16 22:39:05] Cleanup ran: removed 0 stale entries
[2026-01-16 22:39:15] Cleanup ran: removed 0 stale entries
[2026-01-16 22:39:25] Cleanup ran: removed 0 stale entries
[2026-01-16 22:39:35] Cleanup ran: removed 0 stale entries
[2026-01-16 22:39:45] Cleanup ran: removed 0 stale entries
[2026-01-16 22:39:55] Cleanup ran: removed 0 stale entries
[2026-01-16 22:40:05] Cleanup ran: removed 0 stale entries
[2026-01-16 22:40:15] Cleanup ran: removed 0 stale entries
[2026-01-16 22:40:25] Cleanup ran: removed 0 stale entries
[2026-01-16 22:40:35] Cleanup ran: removed 0 stale entries
[2026-01-16 22:40:45] Cleanup ran: removed 0 stale entries
[2026-01-16 22:40:55] Cleanup ran: removed 0 stale entries
[2026-01-16 22:41:05] Cleanup ran: removed 0 stale entries
[2026-01-16 22:41:15] Cleanup ran: removed 0 stale entries
[2026-01-16 22:41:25] Cleanup ran: removed 0 stale entries
[2026-01-16 22:41:35] Cleanup ran: removed 0 stale entries
[2026-01-16 22:41:45] Cleanup ran: removed 0 stale entries
[2026-01-16 22:41:55] Cleanup ran: removed 0 stale entries
[2026-01-16 22:42:05] Cleanup ran: removed 0 stale entries
[2026-01-16 22:42:15] Cleanup ran: removed 0 stale entries
[2026-01-16 22:42:25] Cleanup ran: removed 0 stale entries
[2026-01-16 22:42:35] Cleanup ran: removed 0 stale entries
[2026-01-16 22:42:45] Cleanup ran: removed 0 stale entries
[2026-01-16 22:42:55] Cleanup ran: removed 0 stale entries
[2026-01-16 22:43:05] Cleanup ran: removed 0 stale entries
[2026-01-16 22:43:15] Cleanup ran: removed 0 stale entries
[2026-01-16 22:43:25] Cleanup ran: removed 0 stale entries
[2026-01-16 22:43:35] Cleanup ran: removed 0 stale entries
[2026-01-16 22:43:45] Cleanup ran: removed 0 stale entries
[2026-01-16 22:43:55] Cleanup ran: removed 0 stale entries
[2026-01-16 22:44:05] Cleanup ran: removed 0 stale entries
[2026-01-16 22:44:15] Cleanup ran: removed 0 stale entries
[2026-01-16 22:44:25] Cleanup ran: removed 0 stale entries
[2026-01-16 22:44:35] Cleanup ran: removed 0 stale entries
[2026-01-16 22:44:45] Cleanup ran: removed 0 stale entries
[2026-01-16 22:44:55] Cleanup ran: removed 0 stale entries
[2026-01-16 22:45:05] Cleanup ran: removed 0 stale entries
[2026-01-16 22:45:15] Cleanup ran: removed 0 stale entries
[2026-01-16 22:45:25] Cleanup ran: removed 0 stale entries
[2026-01-16 22:45:35] Cleanup ran: removed 0 stale entries
[2026-01-16 22:45:45] Cleanup ran: removed 0 stale entries
[2026-01-16 22:45:55] Cleanup ran: removed 0 stale entries
[2026-01-16 22:46:05] Cleanup ran: removed 0 stale entries
[2026-01-16 22:46:15] Cleanup ran: removed 0 stale entries
[2026-01-16 22:46:25] Cleanup ran: removed 0 stale entries
[2026-01-16 22:46:35] Cleanup ran: removed 0 stale entries
[2026-01-16 22:46:45] Cleanup ran: removed 0 stale entries
[2026-01-16 22:46:55] Cleanup ran: removed 0 stale entries
[2026-01-16 22:47:05] Cleanup ran: removed 0 stale entries
[2026-01-16 22:47:15] Cleanup ran: removed 0 stale entries
[2026-01-16 22:47:25] Cleanup ran: removed 0 stale entries
[2026-01-16 22:47:35] Cleanup ran: removed 0 stale entries
[2026-01-16 22:47:45] Cleanup ran: removed 0 stale entries
[2026-01-16 22:47:55] Cleanup ran: removed 0 stale entries
[2026-01-16 22:48:05] Cleanup ran: removed 0 stale entries
[2026-01-16 22:48:15] Cleanup ran: removed 0 stale entries
[2026-01-16 22:48:25] Cleanup ran: removed 0 stale entries
[2026-01-16 22:48:35] Cleanup ran: removed 0 stale entries
[2026-01-16 22:48:45] Cleanup ran: removed 0 stale entries
[2026-01-16 22:48:55] Cleanup ran: removed 0 stale entries
[2026-01-16 22:49:05] Cleanup ran: removed 0 stale entries
[2026-01-16 22:49:15] Cleanup ran: removed 0 stale entries
[2026-01-16 22:49:25] Cleanup ran: removed 0 stale entries
[2026-01-16 22:49:35] Cleanup ran: removed 0 stale entries
[2026-01-16 22:49:45] Cleanup ran: removed 0 stale entries
[2026-01-16 22:49:55] Cleanup ran: removed 0 stale entries
[2026-01-16 22:50:05] Cleanup ran: removed 0 stale entries
[2026-01-16 22:50:15] Cleanup ran: removed 0 stale entries
[2026-01-16 22:50:25] Cleanup ran: removed 0 stale entries
[2026-01-16 22:50:35] Cleanup ran: removed 0 stale entries
[2026-01-16 22:50:45] Cleanup ran: removed 0 stale entries
[2026-01-16 22:50:55] Cleanup ran: removed 0 stale entries
[2026-01-16 22:51:05] Cleanup ran: removed 0 stale entries
[2026-01-16 22:51:15] Cleanup ran: removed 0 stale entries
[2026-01-16 22:51:25] Cleanup ran: removed 0 stale entries
[2026-01-16 22:51:35] Cleanup ran: removed 0 stale entries
[2026-01-16 22:51:45] Cleanup ran: removed 0 stale entries
[2026-01-16 22:51:55] Cleanup ran: removed 0 stale entries
[2026-01-16 22:52:05] Cleanup ran: removed 0 stale entries
[2026-01-16 22:52:15] Cleanup ran: removed 0 stale entries
[2026-01-16 22:52:25] Cleanup ran: removed 0 stale entries
[2026-01-16 22:52:35] Cleanup ran: removed 0 stale entries
[2026-01-16 22:52:45] Cleanup ran: removed 0 stale entries
[2026-01-16 22:52:55] Cleanup ran: removed 0 stale entries
[2026-01-16 22:53:05] Cleanup ran: removed 0 stale entries
[2026-01-16 22:53:15] Cleanup ran: removed 0 stale entries
[2026-01-16 22:53:25] Cleanup ran: removed 0 stale entries
[2026-01-16 22:53:35] Cleanup ran: removed 0 stale entries
[2026-01-16 22:53:45] Cleanup ran: removed 0 stale entries
[2026-01-16 22:53:55] Cleanup ran: removed 0 stale entries
[2026-01-16 22:54:05] Cleanup ran: removed 0 stale entries
[2026-01-16 22:54:15] Cleanup ran: removed 0 stale entries
[2026-01-16 22:54:25] Cleanup ran: removed 0 stale entries
[2026-01-16 22:54:35] Cleanup ran: removed 0 stale entries
[2026-01-16 22:54:45] Cleanup ran: removed 0 stale entries
[2026-01-16 22:54:55] Cleanup ran: removed 0 stale entries
[2026-01-16 22:55:05] Cleanup ran: removed 0 stale entries
[2026-01-16 22:55:15] Cleanup ran: removed 0 stale entries
[2026-01-16 22:55:25] Cleanup ran: removed 0 stale entries
[2026-01-16 22:55:35] Cleanup ran: removed 0 stale entries
[2026-01-16 22:55:45] Cleanup ran: removed 0 stale entries
[2026-01-16 22:55:55] Cleanup ran: removed 0 stale entries
[2026-01-16 22:56:05] Cleanup ran: removed 0 stale entries
[2026-01-16 22:56:15] Cleanup ran: removed 0 stale entries
[2026-01-16 22:56:25] Cleanup ran: removed 0 stale entries
[2026-01-16 22:56:35] Cleanup ran: removed 0 stale entries
[2026-01-16 22:56:45] Cleanup ran: removed 0 stale entries
[2026-01-16 22:56:55] Cleanup ran: removed 0 stale entries
[2026-01-16 22:57:05] Cleanup ran: removed 0 stale entries
[2026-01-16 22:57:15] Cleanup ran: removed 0 stale entries
[2026-01-16 22:57:25] Cleanup ran: removed 0 stale entries
[2026-01-16 22:57:35] Cleanup ran: removed 0 stale entries
[2026-01-16 22:57:45] Cleanup ran: removed 0 stale entries
[2026-01-16 22:57:55] Cleanup ran: removed 0 stale entries
[2026-01-16 22:58:05] Cleanup ran: removed 0 stale entries
[2026-01-16 22:58:15] Cleanup ran: removed 0 stale entries
[2026-01-16 22:58:25] Cleanup ran: removed 0 stale entries
[2026-01-16 22:58:35] Cleanup ran: removed 0 stale entries
[2026-01-16 22:58:45] Cleanup ran: removed 0 stale entries
[2026-01-16 22:58:55] Cleanup ran: removed 0 stale entries
[2026-01-16 22:59:05] Cleanup ran: removed 0 stale entries
[2026-01-16 22:59:15] Cleanup ran: removed 0 stale entries
[2026-01-16 22:59:25] Cleanup ran: removed 0 stale entries
[2026-01-16 22:59:35] Cleanup ran: removed 0 stale entries
[2026-01-16 22:59:45] Cleanup ran: removed 0 stale entries
[2026-01-16 22:59:55] Cleanup ran: removed 0 stale entries
[2026-01-16 23:00:05] Cleanup ran: removed 0 stale entries
[2026-01-16 23:00:15] Cleanup ran: removed 0 stale entries
[2026-01-16 23:00:25] Cleanup ran: removed 0 stale entries
[2026-01-16 23:00:35] Cleanup ran: removed 0 stale entries
[2026-01-16 23:00:45] Cleanup ran: removed 0 stale entries
[2026-01-16 23:00:55] Cleanup ran: removed 0 stale entries
[2026-01-16 23:01:05] Cleanup ran: removed 0 stale entries
[2026-01-16 23:01:15] Cleanup ran: removed 0 stale entries
[2026-01-16 23:01:25] Cleanup ran: removed 0 stale entries
[2026-01-16 23:01:35] Cleanup ran: removed 0 stale entries
[2026-01-16 23:01:45] Cleanup ran: removed 0 stale entries
[2026-01-16 23:01:55] Cleanup ran: removed 0 stale entries
[2026-01-16 23:02:05] Cleanup ran: removed 0 stale entries
[2026-01-16 23:02:15] Cleanup ran: removed 0 stale entries
[2026-01-16 23:02:25] Cleanup ran: removed 0 stale entries
[2026-01-16 23:02:35] Cleanup ran: removed 0 stale entries
[2026-01-16 23:02:45] Cleanup ran: removed 0 stale entries
[2026-01-16 23:02:55] Cleanup ran: removed 0 stale entries
[2026-01-16 23:03:05] Cleanup ran: removed 0 stale entries
[2026-01-16 23:03:15] Cleanup ran: removed 0 stale entries
[2026-01-16 23:03:25] Cleanup ran: removed 0 stale entries
[2026-01-16 23:03:35] Cleanup ran: removed 0 stale entries
[2026-01-16 23:03:45] Cleanup ran: removed 0 stale entries
[2026-01-16 23:03:55] Cleanup ran: removed 0 stale entries
[2026-01-16 23:04:05] Cleanup ran: removed 0 stale entries
[2026-01-16 23:04:15] Cleanup ran: removed 0 stale entries
[2026-01-16 23:04:25] Cleanup ran: removed 0 stale entries
[2026-01-16 23:04:35] Cleanup ran: removed 0 stale entries
[2026-01-16 23:04:45] Cleanup ran: removed 0 stale entries
[2026-01-16 23:04:55] Cleanup ran: removed 0 stale entries
[2026-01-16 23:05:05] Cleanup ran: removed 0 stale entries
[2026-01-16 23:05:15] Cleanup ran: removed 0 stale entries
[2026-01-16 23:05:25] Cleanup ran: removed 0 stale entries
[2026-01-16 23:05:35] Cleanup ran: removed 0 stale entries
[2026-01-16 23:05:45] Cleanup ran: removed 0 stale entries
[2026-01-16 23:05:55] Cleanup ran: removed 0 stale entries
[2026-01-16 23:06:05] Cleanup ran: removed 0 stale entries
[2026-01-16 23:06:15] Cleanup ran: removed 0 stale entries
[2026-01-16 23:06:25] Cleanup ran: removed 0 stale entries
[2026-01-16 23:06:35] Cleanup ran: removed 0 stale entries
[2026-01-16 23:06:45] Cleanup ran: removed 0 stale entries
[2026-01-16 23:06:55] Cleanup ran: removed 0 stale entries
[2026-01-16 23:07:05] Cleanup ran: removed 0 stale entries
[2026-01-16 23:07:15] Cleanup ran: removed 0 stale entries
[2026-01-16 23:07:25] Cleanup ran: removed 0 stale entries
[2026-01-16 23:07:35] Cleanup ran: removed 0 stale entries
[2026-01-16 23:07:45] Cleanup ran: removed 0 stale entries
[2026-01-16 23:07:55] Cleanup ran: removed 0 stale entries
[2026-01-16 23:08:05] Cleanup ran: removed 0 stale entries
[2026-01-16 23:08:15] Cleanup ran: removed 0 stale entries
[2026-01-16 23:08:25] Cleanup ran: removed 0 stale entries
[2026-01-16 23:08:35] Cleanup ran: removed 0 stale entries
[2026-01-16 23:08:45] Cleanup ran: removed 0 stale entries
[2026-01-16 23:08:55] Cleanup ran: removed 0 stale entries
[2026-01-16 23:09:05] Cleanup ran: removed 0 stale entries
[2026-01-16 23:09:15] Cleanup ran: removed 0 stale entries
[2026-01-16 23:09:25] Cleanup ran: removed 0 stale entries
[2026-01-16 23:09:35] Cleanup ran: removed 0 stale entries
[2026-01-16 23:09:45] Cleanup ran: removed 0 stale entries
[2026-01-16 23:09:55] Cleanup ran: removed 0 stale entries
[2026-01-16 23:10:05] Cleanup ran: removed 0 stale entries
[2026-01-16 23:10:15] Cleanup ran: removed 0 stale entries
[2026-01-16 23:10:25] Cleanup ran: removed 0 stale entries
[2026-01-16 23:10:35] Cleanup ran: removed 0 stale entries
[2026-01-16 23:10:45] Cleanup ran: removed 0 stale entries
[2026-01-16 23:10:55] Cleanup ran: removed 0 stale entries
[2026-01-16 23:11:05] Cleanup ran: removed 0 stale entries
[2026-01-16 23:11:15] Cleanup ran: removed 0 stale entries
[2026-01-16 23:11:25] Cleanup ran: removed 0 stale entries
[2026-01-16 23:11:35] Cleanup ran: removed 0 stale entries
[2026-01-16 23:11:45] Cleanup ran: removed 0 stale entries
[2026-01-16 23:11:55] Cleanup ran: removed 0 stale entries
[2026-01-16 23:12:05] Cleanup ran: removed 0 stale entries
[2026-01-16 23:12:15] Cleanup ran: removed 0 stale entries
[2026-01-16 23:12:25] Cleanup ran: removed 0 stale entries
[2026-01-16 23:12:35] Cleanup ran: removed 0 stale entries
[2026-01-16 23:12:45] Cleanup ran: removed 0 stale entries
[2026-01-16 23:12:55] Cleanup ran: removed 0 stale entries
[2026-01-16 23:13:05] Cleanup ran: removed 0 stale entries
[2026-01-16 23:13:15] Cleanup ran: removed 0 stale entries
[2026-01-16 23:13:25] Cleanup ran: removed 0 stale entries
[2026-01-16 23:13:35] Cleanup ran: removed 0 stale entries
[2026-01-16 23:13:45] Cleanup ran: removed 0 stale entries
[2026-01-16 23:13:55] Cleanup ran: removed 0 stale entries
[2026-01-16 23:14:05] Cleanup ran: removed 0 stale entries
[2026-01-16 23:14:15] Cleanup ran: removed 0 stale entries
[2026-01-16 23:14:25] Cleanup ran: removed 0 stale entries
[2026-01-16 23:14:35] Cleanup ran: removed 0 stale entries
[2026-01-16 23:14:45] Cleanup ran: removed 0 stale entries
[2026-01-16 23:14:55] Cleanup ran: removed 0 stale entries
[2026-01-16 23:15:05] Cleanup ran: removed 0 stale entries
[2026-01-16 23:15:15] Cleanup ran: removed 0 stale entries
[2026-01-16 23:15:25] Cleanup ran: removed 0 stale entries
[2026-01-16 23:15:35] Cleanup ran: removed 0 stale entries
[2026-01-16 23:15:45] Cleanup ran: removed 0 stale entries
[2026-01-16 23:15:55] Cleanup ran: removed 0 stale entries
[2026-01-16 23:16:05] Cleanup ran: removed 0 stale entries
[2026-01-16 23:16:15] Cleanup ran: removed 0 stale entries
[2026-01-16 23:16:25] Cleanup ran: removed 0 stale entries
[2026-01-16 23:16:35] Cleanup ran: removed 0 stale entries
[2026-01-16 23:16:45] Cleanup ran: removed 0 stale entries
[2026-01-16 23:16:55] Cleanup ran: removed 0 stale entries
[2026-01-16 23:17:05] Cleanup ran: removed 0 stale entries
[2026-01-16 23:17:15] Cleanup ran: removed 0 stale entries
[2026-01-16 23:17:25] Cleanup ran: removed 0 stale entries
[2026-01-16 23:17:35] Cleanup ran: removed 0 stale entries
[2026-01-16 23:17:45] Cleanup ran: removed 0 stale entries
[2026-01-16 23:17:55] Cleanup ran: removed 0 stale entries
[2026-01-16 23:18:05] Cleanup ran: removed 0 stale entries
[2026-01-16 23:18:15] Cleanup ran: removed 0 stale entries
[2026-01-16 23:18:25] Cleanup ran: removed 0 stale entries
[2026-01-16 23:18:35] Cleanup ran: removed 0 stale entries
[2026-01-16 23:18:45] Cleanup ran: removed 0 stale entries
[2026-01-16 23:18:55] Cleanup ran: removed 0 stale entries
[2026-01-16 23:19:05] Cleanup ran: removed 0 stale entries
[2026-01-16 23:19:15] Cleanup ran: removed 0 stale entries
[2026-01-16 23:19:25] Cleanup ran: removed 0 stale entries
[2026-01-16 23:19:35] Cleanup ran: removed 0 stale entries
[2026-01-16 23:19:45] Cleanup ran: removed 0 stale entries
[2026-01-16 23:19:55] Cleanup ran: removed 0 stale entries
[2026-01-16 23:20:05] Cleanup ran: removed 0 stale entries
[2026-01-16 23:20:15] Cleanup ran: removed 0 stale entries
[2026-01-16 23:20:25] Cleanup ran: removed 0 stale entries
[2026-01-16 23:20:35] Cleanup ran: removed 0 stale entries
[2026-01-16 23:20:45] Cleanup ran: removed 0 stale entries
[2026-01-16 23:20:55] Cleanup ran: removed 0 stale entries
[2026-01-16 23:21:05] Cleanup ran: removed 0 stale entries
[2026-01-16 23:21:15] Cleanup ran: removed 0 stale entries
[2026-01-16 23:21:25] Cleanup ran: removed 0 stale entries
[2026-01-16 23:21:35] Cleanup ran: removed 0 stale entries
[2026-01-16 23:21:45] Cleanup ran: removed 0 stale entries
[2026-01-16 23:21:55] Cleanup ran: removed 0 stale entries
[2026-01-16 23:22:05] Cleanup ran: removed 0 stale entries
[2026-01-16 23:22:15] Cleanup ran: removed 0 stale entries
[2026-01-16 23:22:25] Cleanup ran: removed 0 stale entries
[2026-01-16 23:22:35] Cleanup ran: removed 0 stale entries
[2026-01-16 23:22:45] Cleanup ran: removed 0 stale entries
[2026-01-16 23:22:55] Cleanup ran: removed 0 stale entries
[2026-01-16 23:23:05] Cleanup ran: removed 0 stale entries
[2026-01-16 23:23:15] Cleanup ran: removed 0 stale entries
[2026-01-16 23:23:25] Cleanup ran: removed 0 stale entries
[2026-01-16 23:23:35] Cleanup ran: removed 0 stale entries
[2026-01-16 23:23:45] Cleanup ran: removed 0 stale entries
[2026-01-16 23:23:55] Cleanup ran: removed 0 stale entries
[2026-01-16 23:24:05] Cleanup ran: removed 0 stale entries
[2026-01-16 23:24:15] Cleanup ran: removed 0 stale entries
[2026-01-16 23:24:25] Cleanup ran: removed 0 stale entries
[2026-01-16 23:24:35] Cleanup ran: removed 0 stale entries
[2026-01-16 23:24:45] Cleanup ran: removed 0 stale entries
[2026-01-16 23:24:55] Cleanup ran: removed 0 stale entries
[2026-01-16 23:25:05] Cleanup ran: removed 0 stale entries
[2026-01-16 23:25:15] Cleanup ran: removed 0 stale entries
[2026-01-16 23:25:25] Cleanup ran: removed 0 stale entries
[2026-01-16 23:25:35] Cleanup ran: removed 0 stale entries
[2026-01-16 23:25:45] Cleanup ran: removed 0 stale entries
[2026-01-16 23:25:55] Cleanup ran: removed 0 stale entries
[2026-01-16 23:26:05] Cleanup ran: removed 0 stale entries
[2026-01-16 23:26:15] Cleanup ran: removed 0 stale entries
[2026-01-16 23:26:25] Cleanup ran: removed 0 stale entries
[2026-01-16 23:26:35] Cleanup ran: removed 0 stale entries
[2026-01-16 23:26:45] Cleanup ran: removed 0 stale entries
[2026-01-16 23:26:55] Cleanup ran: removed 0 stale entries
[2026-01-16 23:27:05] Cleanup ran: removed 0 stale entries
[2026-01-16 23:27:15] Cleanup ran: removed 0 stale entries
[2026-01-16 23:27:25] Cleanup ran: removed 0 stale entries
[2026-01-16 23:27:35] Cleanup ran: removed 0 stale entries
[2026-01-16 23:27:45] Cleanup ran: removed 0 stale entries
[2026-01-16 23:27:55] Cleanup ran: removed 0 stale entries
[2026-01-16 23:28:05] Cleanup ran: removed 0 stale entries
[2026-01-16 23:28:15] Cleanup ran: removed 0 stale entries
[2026-01-16 23:28:25] Cleanup ran: removed 0 stale entries
[2026-01-16 23:28:35] Cleanup ran: removed 0 stale entries
[2026-01-16 23:28:45] Cleanup ran: removed 0 stale entries
[2026-01-16 23:28:55] Cleanup ran: removed 0 stale entries
[2026-01-16 23:29:05] Cleanup ran: removed 0 stale entries
[2026-01-16 23:29:15] Cleanup ran: removed 0 stale entries
[2026-01-16 23:29:25] Cleanup ran: removed 0 stale entries
[2026-01-16 23:29:35] Cleanup ran: removed 0 stale entries
[2026-01-16 23:29:45] Cleanup ran: removed 0 stale entries
[2026-01-16 23:29:55] Cleanup ran: removed 0 stale entries
[2026-01-16 23:30:05] Cleanup ran: removed 0 stale entries
[2026-01-16 23:30:15] Cleanup ran: removed 0 stale entries
[2026-01-16 23:30:25] Cleanup ran: removed 0 stale entries
[2026-01-16 23:30:35] Cleanup ran: removed 0 stale entries
[2026-01-16 23:30:45] Cleanup ran: removed 0 stale entries
[2026-01-16 23:30:55] Cleanup ran: removed 0 stale entries
[2026-01-16 23:31:05] Cleanup ran: removed 0 stale entries
[2026-01-16 23:31:15] Cleanup ran: removed 0 stale entries
[2026-01-16 23:31:25] Cleanup ran: removed 0 stale entries
[2026-01-16 23:31:35] Cleanup ran: removed 0 stale entries
[2026-01-16 23:31:45] Cleanup ran: removed 0 stale entries
[2026-01-16 23:31:55] Cleanup ran: removed 0 stale entries
[2026-01-16 23:32:05] Cleanup ran: removed 0 stale entries
[2026-01-16 23:32:15] Cleanup ran: removed 0 stale entries
[2026-01-16 23:32:25] Cleanup ran: removed 0 stale entries
[2026-01-16 23:32:35] Cleanup ran: removed 0 stale entries
[2026-01-16 23:32:45] Cleanup ran: removed 0 stale entries
[2026-01-16 23:32:55] Cleanup ran: removed 0 stale entries
[2026-01-16 23:33:05] Cleanup ran: removed 0 stale entries
[2026-01-16 23:33:15] Cleanup ran: removed 0 stale entries
[2026-01-16 23:33:25] Cleanup ran: removed 0 stale entries
[2026-01-16 23:33:35] Cleanup ran: removed 0 stale entries
[2026-01-16 23:33:45] Cleanup ran: removed 0 stale entries
[2026-01-16 23:33:55] Cleanup ran: removed 0 stale entries
[2026-01-16 23:34:05] Cleanup ran: removed 0 stale entries
[2026-01-16 23:34:15] Cleanup ran: removed 0 stale entries
[2026-01-16 23:34:25] Cleanup ran: removed 0 stale entries
[2026-01-16 23:34:35] Cleanup ran: removed 0 stale entries
[2026-01-16 23:34:45] Cleanup ran: removed 0 stale entries
[2026-01-16 23:34:55] Cleanup ran: removed 0 stale entries
[2026-01-16 23:35:05] Cleanup ran: removed 0 stale entries
[2026-01-16 23:35:15] Cleanup ran: removed 0 stale entries
[2026-01-16 23:35:25] Cleanup ran: removed 0 stale entries
[2026-01-16 23:35:35] Cleanup ran: removed 0 stale entries
[2026-01-16 23:35:45] Cleanup ran: removed 0 stale entries
[2026-01-16 23:35:55] Cleanup ran: removed 0 stale entries
[2026-01-16 23:36:05] Cleanup ran: removed 0 stale entries
[2026-01-16 23:36:15] Cleanup ran: removed 0 stale entries
[2026-01-16 23:36:25] Cleanup ran: removed 0 stale entries
[2026-01-16 23:36:35] Cleanup ran: removed 0 stale entries
[2026-01-16 23:36:45] Cleanup ran: removed 0 stale entries
[2026-01-16 23:36:55] Cleanup ran: removed 0 stale entries
[2026-01-16 23:37:05] Cleanup ran: removed 0 stale entries
[2026-01-16 23:37:15] Cleanup ran: removed 0 stale entries
[2026-01-16 23:37:25] Cleanup ran: removed 0 stale entries
[2026-01-16 23:37:35] Cleanup ran: removed 0 stale entries
[2026-01-16 23:37:45] Cleanup ran: removed 0 stale entries
[2026-01-16 23:37:55] Cleanup ran: removed 0 stale entries
[2026-01-16 23:38:05] Cleanup ran: removed 0 stale entries
[2026-01-16 23:38:15] Cleanup ran: removed 0 stale entries
[2026-01-16 23:38:25] Cleanup ran: removed 0 stale entries
[2026-01-16 23:38:35] Cleanup ran: removed 0 stale entries
[2026-01-16 23:38:45] Cleanup ran: removed 0 stale entries
[2026-01-16 23:38:55] Cleanup ran: removed 0 stale entries
[2026-01-16 23:39:05] Cleanup ran: removed 0 stale entries
[2026-01-16 23:39:15] Cleanup ran: removed 0 stale entries
[2026-01-16 23:39:25] Cleanup ran: removed 0 stale entries
[2026-01-16 23:39:35] Cleanup ran: removed 0 stale entries
[2026-01-16 23:39:45] Cleanup ran: removed 0 stale entries
[2026-01-16 23:39:55] Cleanup ran: removed 0 stale entries
[2026-01-16 23:40:05] Cleanup ran: removed 0 stale entries
[2026-01-16 23:40:15] Cleanup ran: removed 0 stale entries
[2026-01-16 23:40:25] Cleanup ran: removed 0 stale entries
[2026-01-16 23:40:35] Cleanup ran: removed 0 stale entries
[2026-01-16 23:40:45] Cleanup ran: removed 0 stale entries
[2026-01-16 23:40:55] Cleanup ran: removed 0 stale entries
[2026-01-16 23:41:05] Cleanup ran: removed 0 stale entries
[2026-01-16 23:41:15] Cleanup ran: removed 0 stale entries
[2026-01-16 23:41:25] Cleanup ran: removed 0 stale entries
[2026-01-16 23:41:35] Cleanup ran: removed 0 stale entries
[2026-01-16 23:41:45] Cleanup ran: removed 0 stale entries
[2026-01-16 23:41:55] Cleanup ran: removed 0 stale entries
[2026-01-16 23:42:05] Cleanup ran: removed 0 stale entries
[2026-01-16 23:42:15] Cleanup ran: removed 0 stale entries
[2026-01-16 23:42:25] Cleanup ran: removed 0 stale entries
[2026-01-16 23:42:35] Cleanup ran: removed 0 stale entries
[2026-01-16 23:42:45] Cleanup ran: removed 0 stale entries
[2026-01-16 23:42:55] Cleanup ran: removed 0 stale entries
[2026-01-16 23:43:05] Cleanup ran: removed 0 stale entries
[2026-01-16 23:43:15] Cleanup ran: removed 0 stale entries
[2026-01-16 23:43:25] Cleanup ran: removed 0 stale entries
[2026-01-16 23:43:35] Cleanup ran: removed 0 stale entries
[2026-01-16 23:43:45] Cleanup ran: removed 0 stale entries
[2026-01-16 23:43:55] Cleanup ran: removed 0 stale entries
[2026-01-16 23:44:05] Cleanup ran: removed 0 stale entries
[2026-01-16 23:44:15] Cleanup ran: removed 0 stale entries
[2026-01-16 23:44:25] Cleanup ran: removed 0 stale entries
[2026-01-16 23:44:35] Cleanup ran: removed 0 stale entries
[2026-01-16 23:44:45] Cleanup ran: removed 0 stale entries
[2026-01-16 23:44:55] Cleanup ran: removed 0 stale entries
[2026-01-16 23:45:05] Cleanup ran: removed 0 stale entries
[2026-01-16 23:45:15] Cleanup ran: removed 0 stale entries
[2026-01-16 23:45:25] Cleanup ran: removed 0 stale entries
[2026-01-16 23:45:35] Cleanup ran: removed 0 stale entries
[2026-01-16 23:45:45] Cleanup ran: removed 0 stale entries
[2026-01-16 23:45:55] Cleanup ran: removed 0 stale entries
[2026-01-16 23:46:05] Cleanup ran: removed 0 stale entries
[2026-01-16 23:46:15] Cleanup ran: removed 0 stale entries
[2026-01-16 23:46:25] Cleanup ran: removed 0 stale entries
[2026-01-16 23:46:35] Cleanup ran: removed 0 stale entries
[2026-01-16 23:46:45] Cleanup ran: removed 0 stale entries
[2026-01-16 23:46:55] Cleanup ran: removed 0 stale entries
[2026-01-16 23:47:05] Cleanup ran: removed 0 stale entries
[2026-01-16 23:47:15] Cleanup ran: removed 0 stale entries
[2026-01-16 23:47:25] Cleanup ran: removed 0 stale entries
[2026-01-16 23:47:35] Cleanup ran: removed 0 stale entries
[2026-01-16 23:47:45] Cleanup ran: removed 0 stale entries
[2026-01-16 23:47:55] Cleanup ran: removed 0 stale entries
[2026-01-16 23:48:05] Cleanup ran: removed 0 stale entries
[2026-01-16 23:48:15] Cleanup ran: removed 0 stale entries
[2026-01-16 23:48:25] Cleanup ran: removed 0 stale entries
[2026-01-16 23:48:35] Cleanup ran: removed 0 stale entries
[2026-01-16 23:48:45] Cleanup ran: removed 0 stale entries
[2026-01-16 23:48:55] Cleanup ran: removed 0 stale entries
[2026-01-16 23:49:05] Cleanup ran: removed 0 stale entries
[2026-01-16 23:49:15] Cleanup ran: removed 0 stale entries
[2026-01-16 23:49:25] Cleanup ran: removed 0 stale entries
[2026-01-16 23:49:35] Cleanup ran: removed 0 stale entries
[2026-01-16 23:49:45] Cleanup ran: removed 0 stale entries
[2026-01-16 23:49:55] Cleanup ran: removed 0 stale entries
[2026-01-16 23:50:05] Cleanup ran: removed 0 stale entries
[2026-01-16 23:50:15] Cleanup ran: removed 0 stale entries
[2026-01-16 23:50:25] Cleanup ran: removed 0 stale entries
[2026-01-16 23:50:35] Cleanup ran: removed 0 stale entries
[2026-01-16 23:50:45] Cleanup ran: removed 0 stale entries
[2026-01-16 23:50:55] Cleanup ran: removed 0 stale entries
[2026-01-16 23:51:05] Cleanup ran: removed 0 stale entries
[2026-01-16 23:51:15] Cleanup ran: removed 0 stale entries
[2026-01-16 23:51:25] Cleanup ran: removed 0 stale entries
[2026-01-16 23:51:35] Cleanup ran: removed 0 stale entries
[2026-01-16 23:51:45] Cleanup ran: removed 0 stale entries
[2026-01-16 23:51:55] Cleanup ran: removed 0 stale entries
[2026-01-16 23:52:05] Cleanup ran: removed 0 stale entries
[2026-01-16 23:52:15] Cleanup ran: removed 0 stale entries
